anahtar,grup,turkce,ingilizce,nerede
t403c9466,arayuz," — {0}, sonra ordu saatte %{1} firar verir","","apps/web/src/components/MobilKabuk.tsx:129"
td402df3c,arayuz," — depo dolu, üretim boşa gidiyor","","apps/web/src/components/MobilKabuk.tsx:132"
t29564332,arayuz," — eksiye gidiyor","","apps/web/src/components/MobilKabuk.tsx:130"
te04af9d4,arayuz," · {0} bölgen","","apps/web/src/screens/Harita.tsx:1019"
teaf79905,arayuz," · {0} cihaz","","apps/web/src/components/BildirimKarti.tsx:102"
tbff0294e,arayuz," · {0} seviye daha gerekiyor","","apps/web/src/screens/Akin.tsx:339"
t5fc25c41,arayuz," · alırsan birlik {0}","","apps/web/src/screens/Harita.tsx:1017"
tf308233e,arayuz," · başarısızsa eşya sağlam kalır","","apps/web/src/screens/Demirhane.tsx:307"
t21aeb7e9,arayuz," · birlik {0}","","apps/web/src/screens/Harita.tsx:1009"
t64fe69d3,arayuz," · en az Sv{0}","","apps/web/src/screens/Ittifak.tsx:458"
t03cbc446,arayuz," · tek bölgen","","apps/web/src/screens/Harita.tsx:1009"
t94503747,arayuz," +Taht","","apps/web/src/screens/LordEkrani.tsx:316 | apps/web/src/screens/Malikane.tsx:118"
t69efe19a,arayuz," birim","","apps/web/src/screens/Demirhane.tsx:142"
t980ee095,arayuz," Daha büyük bir başkent daha yükseğine izin verir.","","apps/web/src/screens/Sehir.tsx:473"
t8c81192e,arayuz," eksik.","","apps/web/src/components/ui.tsx:140"
t55e4602a,arayuz," kırıyor: ","","apps/web/src/components/KarsiIpuclari.tsx:60"
ta51e215e,arayuz," ve ","","apps/web/src/components/DizilimSemasi.tsx:69 | packages/shared/src/bina.ts:254 | packages/shared/src/ogretici.ts:271"
tae835c20,arayuz," zayıf: ","","apps/web/src/components/KarsiIpuclari.tsx:60"
t57781758,arayuz,"— bu bölge en üst aşamada.","","apps/web/src/screens/Harita.tsx:1177"
tad25400b,arayuz,"— CC BY 3.0","","apps/web/src/screens/Giris.tsx:179"
tf055b741,arayuz,"— pakt","","apps/web/src/components/Paktlar.tsx:130"
td08a2005,arayuz,"— savaşa girdikçe büyür.","","apps/web/src/screens/Generaller.tsx:116"
tb5cd679c,arayuz,", {0} sürüyor","","apps/web/src/screens/Sehir.tsx:687"
tf674c3d7,arayuz,", boş","","apps/web/src/components/DizilimIzgarasi.tsx:326"
t6bc4e570,arayuz,", sana","","apps/web/src/components/IttifakBagis.tsx:127"
t529038a1,arayuz,", şef","","apps/web/src/screens/Akin.tsx:493"
t9627bb6e,arayuz,", tahkimat +%{0}","","apps/web/src/components/DunyaHaritasi.tsx:822"
t68a2cd11,arayuz,". Liderlik","","apps/web/src/screens/Generaller.tsx:218"
t7a0dc7a8,arayuz,". seviye","","apps/web/src/screens/Sehir.tsx:472"
tec6052c8,arayuz,". Seviye","","apps/web/src/components/IttifakBagis.tsx:91"
t1a618495,arayuz,". sıradasın","","apps/web/src/components/DiyarTanitimi.tsx:104"
tdacc2f7a,arayuz,"· AÇ","","apps/web/src/screens/Malikane.tsx:250"
t73eda5d1,arayuz,"· bina tavanı","","apps/web/src/screens/Sehir.tsx:519"
ta0f4c75c,arayuz,"· BÖLGE ELE GEÇER","","apps/web/src/components/SaldiriOnizleme.tsx:77"
t9ceb3a40,arayuz,"· haritada aç","","apps/web/src/components/HedefSeridi.tsx:112"
tc9b206eb,arayuz,"· sahipsiz","","apps/web/src/screens/Harita.tsx:973"
t94297445,arayuz,"· sana saldıran","","apps/web/src/components/DunyaSeridi.tsx:64"
t5632acb5,arayuz,"· Seviye","","apps/web/src/screens/Hesap.tsx:81"
t5bedf9cf,arayuz,"· Sv","","apps/web/src/screens/Malikane.tsx:182 | apps/web/src/screens/Siralama.tsx:83"
t9839ce6a,arayuz,"· takviye %","","apps/web/src/components/IttifakIncele.tsx:88"
t68a0a525,arayuz,"'a git","","apps/web/src/screens/Sehir.tsx:942"
t243874a1,arayuz,"'de dövülür; ürettiğin parçayı buradan kuşanırsın.","","apps/web/src/screens/LordEkrani.tsx:469"
tea6f95f4,arayuz,"'i bu hafta oynadı","","apps/web/src/components/DunyaSeridi.tsx:39"
tbd8c1c4b,arayuz,"(display-mode: standalone)","","apps/web/src/lib/bildirim.ts:44"
te6bfcf01,arayuz,"(prefers-reduced-motion: reduce)","","apps/web/src/components/OrduSahnesi.tsx:126"
t4acb31a2,arayuz,"); karargâhın seviyesi bunun üstüne ekler.","","apps/web/src/screens/Generaller.tsx:219"
teb7450a0,arayuz,"). Kazansan bile bölgeyi alamazsın, sadece yağmalarsın — gelir artışı olmaz.","","apps/web/src/components/SaldiriOnizleme.tsx:164"
t8705bd8e,arayuz,"] HEDEF","","apps/web/src/screens/Harita.tsx:831"
t87382ec3,arayuz,"{0} — {1} yapı","","apps/web/src/screens/Sehir.tsx:398"
t00e6ccb6,arayuz,"{0} — {1}, seviye {2}, {3}, {4} adım{5}","","apps/web/src/components/DunyaHaritasi.tsx:883 | apps/web/src/components/DunyaHaritasi.tsx:887"
tc3b64242,arayuz,"{0} — haritada göster","","apps/web/src/components/DunyaHaritasi.tsx:724 | apps/web/src/components/DunyaHaritasi.tsx:725"
t80e8b78f,arayuz,"{0} · T{1}","","apps/web/src/screens/Akin.tsx:230"
t4d76c9d7,arayuz,"{0} {1} eğit","","apps/web/src/screens/Kisla.tsx:259"
t53f178e2,arayuz,"{0} adedi","","apps/web/src/screens/Akin.tsx:688 | apps/web/src/screens/Kisla.tsx:244"
te723bf3b,arayuz,"{0} adlı lordu şikâyet et","","apps/web/src/screens/Siralama.tsx:95"
te89bff62,arayuz,"{0} altın eksik.","","apps/web/src/screens/Generaller.tsx:153"
t82bfd725,arayuz,"{0} araştırma","","apps/web/src/screens/Arastirma.tsx:103"
t5ed13e1b,arayuz,"{0} başvuru hakkın dolu","","apps/web/src/screens/Ittifak.tsx:497"
tac7169d2,arayuz,"{0} dk","","apps/web/src/components/Omurga.tsx:420"
t518c818a,arayuz,"{0} dk önce","","apps/web/src/components/DunyaSeridi.tsx:28"
t47ae593b,arayuz,"{0} dk sonra biter","","apps/web/src/components/MobilKabuk.tsx:114"
t69140c6e,arayuz,"{0} elinde — bir kareye sürükle ya da dokun. Dolu kareye elin boşken dokunursan boşalır.","","apps/web/src/components/DizilimIzgarasi.tsx:291"
t329856e2,arayuz,"{0} galibiyet · {1} yenilgi","","apps/web/src/screens/LordEkrani.tsx:559"
t9244b49a,arayuz,"{0} gün önce","","apps/web/src/components/DunyaSeridi.tsx:31"
t39ffe83d,arayuz,"{0} için ordun henüz yetmiyor.","","apps/web/src/components/Omurga.tsx:581"
t4438dd01,arayuz,"{0} ittifak","","apps/web/src/screens/Siralama.tsx:217"
td16ad5e7,arayuz,"{0} ittifakını incele","","apps/web/src/screens/Ittifak.tsx:428"
t163d871e,arayuz,"{0} kapasiten dolsa bile alınmıyor. Liderlik statını yükseltmen gerek.","","apps/web/src/components/Omurga.tsx:566"
t24069ac0,arayuz,"{0} katıydı","","apps/web/src/components/SavasRaporu.tsx:390"
te332f54f,arayuz,"{0} kuyruğu dolu","","apps/web/src/screens/Demirhane.tsx:54"
ta2238310,arayuz,"{0} lord","","apps/web/src/screens/Siralama.tsx:214"
t2088a96f,arayuz,"{0} oluyor","","apps/web/src/screens/Harita.tsx:1168"
t50fdf262,arayuz,"{0} panelini kapat","","apps/web/src/components/KapiPaneli.tsx:50"
t75469fdf,arayuz,"{0} puanı dağıt","","apps/web/src/screens/LordEkrani.tsx:439"
t2a3b407a,arayuz,"{0} sa sonra biter","","apps/web/src/components/MobilKabuk.tsx:115"
t423b2a6e,arayuz,"{0} saat","","apps/web/src/components/Omurga.tsx:420"
tf1a6d8b4,arayuz,"{0} saat {1} dakika","","apps/web/src/screens/LordEkrani.tsx:88"
t6717d6d6,arayuz,"{0} saat önce","","apps/web/src/components/DunyaSeridi.tsx:30"
t9fbcad0c,arayuz,"{0} saldır","","apps/web/src/components/Omurga.tsx:466 | apps/web/src/components/Omurga.tsx:491 | apps/web/src/components/Omurga.tsx:602 | apps/web/src/components/Omurga.tsx:621"
t4aa99003,arayuz,"{0} savaşçı","","apps/web/src/screens/Akin.tsx:494"
tef6298d9,arayuz,"{0} savunmasında kaybın","","apps/web/src/screens/Demirhane.tsx:138"
t32c1e431,arayuz,"{0} sıra {1}","","apps/web/src/components/SaldiriOnizleme.tsx:148 | apps/web/src/components/SavasRaporu.tsx:84"
t245f1bcb,arayuz,"{0} Sıralaması","","apps/web/src/screens/Siralama.tsx:209"
t705bb4d6,arayuz,"{0} sonra katılabilirsin","","apps/web/src/screens/Ittifak.tsx:494"
tb1cd334c,arayuz,"{0} T{1}","","apps/web/src/screens/Demirhane.tsx:228 | apps/web/src/screens/LordEkrani.tsx:499"
t91ecc24f,arayuz,"{0} üzerine yürü","","apps/web/src/components/Omurga.tsx:610"
tc9199a6f,arayuz,"{0} yap","","apps/web/src/screens/Harita.tsx:1163"
tee0863e9,arayuz,"{0}_t{1}","","apps/web/src/screens/Akin.tsx:234 | apps/web/src/screens/Demirhane.tsx:227 | apps/web/src/screens/LordEkrani.tsx:498"
tc0aafdeb,arayuz,"{0}: {1} ({2}{3}/sa){4}","","apps/web/src/components/MobilKabuk.tsx:126"
t01f3bcfa,arayuz,"{0}dk {1}sn","","apps/web/src/components/ui.tsx:709"
t474d6d19,arayuz,"{0}g {1}sa","","apps/web/src/components/ui.tsx:707"
ta07b2c09,arayuz,"{0}px solid {1}","","apps/web/src/components/DunyaHaritasi.tsx:908"
t756e7987,arayuz,"{0}sa {1}dk","","apps/web/src/components/ui.tsx:708 | apps/web/src/screens/Arastirma.tsx:44 | apps/web/src/screens/Harita.tsx:278"
tb3cd10fd,arayuz,"/10 grup hazır","","apps/web/src/screens/Akin.tsx:333"
tfa8f3f82,arayuz,"/sa","","apps/web/src/components/HedefSeridi.tsx:38 | apps/web/src/components/HedefSeridi.tsx:43 | apps/web/src/components/Omurga.tsx:423 | apps/web/src/components/Omurga.tsx:768 | apps/web/src/screens/Malikane.tsx:121 | apps/web/src/screens/Malikane.tsx:128 | apps/web/src/screens/Malikane.tsx:188 | apps/web/src/screens/Malikane.tsx:193 | apps/web/src/screens/Malikane.tsx:198"
tea71ab87,arayuz,"&nbsp;","","apps/web/src/components/GorevOzeti.tsx:41 | apps/web/src/components/GorevOzeti.tsx:43 | apps/web/src/components/Omurga.tsx:307"
teea047c7,arayuz,"&nbsp;&nbsp;&nbsp;&nbsp;&nbsp;","","apps/web/src/components/DiyarTanitimi.tsx:139"
t22595525,arayuz,"&nbsp;&nbsp;&nbsp;&nbsp;&nbsp;&nbsp;","","apps/web/src/components/DiyarTanitimi.tsx:138 | apps/web/src/components/Omurga.tsx:304"
tec707e45,arayuz,"&nbsp;&nbsp;&nbsp;&nbsp;&nbsp;&nbsp;&nbsp;&nbsp;","","apps/web/src/components/Omurga.tsx:303"
tcdcc1386,arayuz,"← Listeye dön","","apps/web/src/components/IttifakIncele.tsx:62"
t12e19946,arayuz,"→ Sv","","apps/web/src/components/SavasRaporu.tsx:276"
tb34af894,arayuz,"↑ düşman bu yönde","","apps/web/src/components/DizilimSemasi.tsx:34"
t5758e43d,arayuz,"↓ şimdi buna bas ↓","","apps/web/src/components/RehberIsigi.tsx:622"
tc1118513,arayuz,"+{0} ittifak XP · sana +{1} lord XP","","apps/web/src/components/IttifakBagis.tsx:47"
tee349f95,arayuz,"⚑ kanat — süvariye yarar, okçu ve mancınığa zarar.","","apps/web/src/components/DizilimIzgarasi.tsx:360"
tc997d9ef,arayuz,"⛨ korumalı","","apps/web/src/screens/Harita.tsx:871"
t9a07e0b5,arayuz,"0 0 0 {0}px rgba(196,188,172,0.85), 0 2px 6px rgba(0,0,0,0.55)","","apps/web/src/components/DunyaHaritasi.tsx:914"
tb333b7fa,arayuz,"0 0 0 2px rgba(0,0,0,0.55), 0 0 22px 4px var(--color-altin)","","apps/web/src/components/RehberIsigi.tsx:586"
t890d2018,arayuz,"0 0 0 2px rgba(196,188,172,0.85)","","apps/web/src/screens/Harita.tsx:879"
t7fbe7e5c,arayuz,"0 0 5px #0f0a06, 0 0 3px #0f0a06, 0 1px 2px #0f0a06","","apps/web/src/components/DunyaHaritasi.tsx:698"
t4eba407d,arayuz,"0 1px 2px #000","","apps/web/src/components/DunyaHaritasi.tsx:963"
tc0c29bec,arayuz,"0 2px 6px rgba(0,0,0,0.55)","","apps/web/src/components/DunyaHaritasi.tsx:915"
tb2f1acbd,arayuz,"0 2px 6px rgba(0,0,0,0.9)","","apps/web/src/components/Zemin.tsx:115 | apps/web/src/components/Zemin.tsx:122 | apps/web/src/screens/Harita.tsx:958 | apps/web/src/screens/Harita.tsx:964"
t12986790,arayuz,"2px dashed #7cc4f0","","apps/web/src/components/DunyaHaritasi.tsx:909"
t52e7600e,arayuz,"3px solid #fff3cf","","apps/web/src/screens/Sehir.tsx:803"
tdda3a9a9,arayuz,"a ·","","apps/web/src/components/KaynakGonder.tsx:111 | apps/web/src/components/KaynakGonder.tsx:122"
t54068215,arayuz,"acik","","apps/web/src/components/BildirimKarti.tsx:98 | apps/web/src/components/IttifakBasvurular.tsx:135 | apps/web/src/components/IttifakBasvurular.tsx:75 | apps/web/src/components/IttifakIncele.tsx:74"
tca25ca91,arayuz,"aç","","apps/web/src/components/Basarimlar.tsx:77"
ta9d45351,arayuz,"AÇ","","apps/web/src/components/GorevOzeti.tsx:72"
tc2c0713b,arayuz,"Açılıyor…","","apps/web/src/components/BildirimKarti.tsx:94 | apps/web/src/screens/Hesap.tsx:103"
t3ac1bfd2,arayuz,"adım","","apps/web/src/components/Rehber.tsx:74 | apps/web/src/screens/Harita.tsx:985"
t230c7ce3,arayuz,"Adres kayıtlıysa sıfırlama bağlantısı gönderildi. Gelen kutunu kontrol et.","","apps/web/src/screens/Giris.tsx:22"
t1c2325a7,arayuz,"aı","","apps/web/src/components/ekler.ts:46"
tf9291893,arayuz,"aıouâî","","apps/web/src/components/ekler.ts:12"
t6b527296,arayuz,"Akın","","apps/api/src/routes/akin.ts:336 | apps/web/src/components/MobilKabuk.tsx:63 | apps/web/src/screens/Akin.tsx:108"
t8420b631,arayuz,"Akına çık · {0} asker","","apps/web/src/screens/Akin.tsx:659"
t82148189,arayuz,"Akına çıkılamadı.","","apps/web/src/screens/Akin.tsx:94"
tba802375,arayuz,"Akına git","","apps/web/src/components/Omurga.tsx:549"
t1386e6f0,arayuz,"Akının sürüyor","","apps/web/src/components/Omurga.tsx:505"
tc7f89f9e,arayuz,"akin","","apps/web/src/App.tsx:410 | apps/web/src/screens/Akin.tsx:108"
t8c46e58c,arayuz,"ALACAĞIN","","apps/web/src/components/Pazar.tsx:141"
t39e8631a,arayuz,"Alınıyor…","","apps/web/src/components/GunlukKart.tsx:154 | apps/web/src/components/SeferKart.tsx:94"
t31ca39fb,arayuz,"altın","","apps/web/src/components/SaldiriOnizleme.tsx:20 | apps/web/src/components/SavasRaporu.tsx:116 | apps/web/src/components/ui.tsx:132 | apps/web/src/screens/Demirhane.tsx:301 | apps/web/src/screens/Demirhane.tsx:653 | apps/web/src/screens/Harita.tsx:1137 | apps/web/src/screens/Harita.tsx:58 | packages/shared/src/bina.ts:251 | packages/shared/src/pazar.ts:38"
td290d99b,arayuz,"Altın","","apps/web/src/components/KaynakGonder.tsx:89 | apps/web/src/components/MobilKabuk.tsx:235 | apps/web/src/screens/Generaller.tsx:25 | data/arma.json:renkler[5].ad"
t7639a2c2,arayuz,"altın ·","","apps/web/src/screens/Harita.tsx:1186 | apps/web/src/screens/Harita.tsx:511"
t4b2c0a68,arayuz,"altın karşılığı.","","apps/web/src/components/Pazar.tsx:193"
t636ac62e,arayuz,"Altının yetmiyor","","apps/web/src/screens/Generaller.tsx:152 | apps/web/src/screens/Ittifak.tsx:358"
t0324e9ae,arayuz,"Ana Ekrana Ekle","","apps/web/src/components/BildirimKarti.tsx:75"
t4f700cd1,arayuz,"ANLADIM","","apps/web/src/components/DiyarTanitimi.tsx:130 | apps/web/src/components/DiyarTanitimi.tsx:77"
t29959e03,arayuz,"arastirma","","apps/web/src/App.tsx:475 | apps/web/src/screens/Arastirma.tsx:92"
t3e143637,arayuz,"Araştırma","","apps/web/src/screens/Arastirma.tsx:92 | packages/shared/src/types.ts:284"
t0f317dd7,arayuz,"Araştırma başlatılamadı.","","apps/web/src/screens/Arastirma.tsx:62"
t6631f86c,arayuz,"Araştırma kalıcıdır ve diyarını senin seçimlerinle şekillendirir — iki lord aynı seviyede aynı olmaz.","","apps/web/src/components/Omurga.tsx:723"
td71e7d01,arayuz,"Araştırma kuyruğu dolu","","apps/web/src/screens/Arastirma.tsx:216"
t827936f1,arayuz,"Araştırmaya git","","apps/web/src/components/Omurga.tsx:663 | apps/web/src/components/Omurga.tsx:724"
t74a561cc,arayuz,"Arayüz hatası:","","apps/web/src/components/HataSiniri.tsx:29"
t88a93d36,arayuz,"Arman","","apps/web/src/components/ArmaSecici.tsx:55"
tf0f416cc,arayuz,"Armanı değiştir","","apps/web/src/components/ArmaSecici.tsx:57"
tce83d9f3,arayuz,"Armanı sıralamada, ittifak listende ve savaş raporlarında herkes görür.","","apps/web/src/components/ArmaSecici.tsx:56"
t70bc2ae9,arayuz,"Armayı değiştir","","apps/web/src/screens/Ittifak.tsx:381"
t5e9bbde6,arayuz,"Armayı kaydet","","apps/web/src/components/ArmaSecici.tsx:189"
t54fd9a4f,arayuz,"artık kazanılabilir hâle geldi.","","apps/web/src/screens/Demirhane.tsx:159"
t79227af8,arayuz,"asker ·","","apps/web/src/screens/Akin.tsx:638"
t939bcef3,arayuz,"Asker eğitimi","","apps/web/src/screens/Sehir.tsx:59"
tc9c35393,arayuz,"Asker Eğitimi","","apps/web/src/screens/Kisla.tsx:416"
tc3b989ec,arayuz,"asker ölü sanılmıştı, yaralı olarak döndü. Kayıp sayısı bunu çıkardıktan sonrası.","","apps/web/src/components/SavasRaporu.tsx:208"
t9872375b,arayuz,"Asker senin kalır. Bölge el değiştirse bile evine döner.","","apps/web/src/screens/Harita.tsx:384"
tae209ca6,arayuz,"asker yaralı döndü. İyileşene kadar savaşa giremez, erzak yemez ve komuta yerini kaplamaz.","","apps/web/src/components/Hastane.tsx:42"
t83001354,arayuz,"askerin savunmada.","","apps/web/src/screens/Harita.tsx:352"
tebbe0d76,arayuz,"Askerlerin eğitiliyor","","apps/web/src/components/Omurga.tsx:459"
tc9721fbc,arayuz,"aşağı","","apps/web/src/components/SaldiriOnizleme.tsx:148 | apps/web/src/components/SavasRaporu.tsx:84"
t56d563a8,arayuz,"At","","apps/web/src/screens/Demirhane.tsx:64 | apps/web/src/screens/LordEkrani.tsx:74"
t4595b8fd,arayuz,"attack","","apps/web/src/screens/Harita.tsx:914 | apps/web/src/screens/Harita.tsx:923"
t091167b6,arayuz,"av sensin","","apps/web/src/components/DunyaSeridi.tsx:64"
t3302dcf6,arayuz,"Aynı anda","","apps/web/src/screens/Arastirma.tsx:103"
t25d5f415,arayuz,"Aynı anda açabileceğin keşif sayısı ve altının sınırlı; biri bitince tekrar dene.","","apps/web/src/screens/Harita.tsx:552"
t44f73d61,arayuz,"Aynı anda en fazla {0} {1} işi yapılabilir. Biri bitmeden yenisi başlamaz.","","apps/web/src/screens/Demirhane.tsx:55"
t2624ec5a,arayuz,"Aynı anda en fazla {0} bölge geliştirilebilir. Biri bitmeden yenisi başlamaz.","","apps/web/src/screens/Harita.tsx:1080"
t74ab2913,arayuz,"Aynı anda en fazla {0} eğitim yapabilirsin. Kışlanı yükseltirsen artar.","","apps/web/src/screens/Kisla.tsx:88"
t8ba0b91f,arayuz,"Ayrıl (liderlik devredilir)","","apps/web/src/screens/Ittifak.tsx:321"
tdce2261a,arayuz,"az önce","","apps/web/src/components/DunyaSeridi.tsx:26 | apps/web/src/components/ui.tsx:694"
t03f09d10,arayuz,"azalıyor","","apps/web/src/components/MobilKabuk.tsx:156"
t6a9fb3a1,arayuz,"bağış hakkı","","apps/web/src/components/IttifakBagis.tsx:83"
td4faffaa,arayuz,"Bağış için gereken kaynağı toplaman gerekiyor.","","apps/web/src/components/IttifakBagis.tsx:72"
t27caeaeb,arayuz,"Bağış yap","","apps/web/src/components/IttifakBagis.tsx:135"
t48eb280e,arayuz,"Bağış yapılamadı.","","apps/web/src/components/IttifakBagis.tsx:57"
t8786570f,arayuz,"Bağışlanıyor…","","apps/web/src/components/IttifakBagis.tsx:135"
t054a9074,arayuz,"Bağlantı kurulamadı.","","apps/web/src/screens/Giris.tsx:46"
t71fcbee7,arayuz,"Bağlantın yok. İnternete döndüğünde oyun kaldığı yerden devam eder.","","apps/web/src/components/BaglantiDurumu.tsx:41"
tb1ede623,arayuz,"Bakım","","apps/web/src/screens/Kisla.tsx:298"
tb27ae1b2,arayuz,"bakım indirimi","","apps/web/src/components/SavasRaporu.tsx:229"
t9f3ada92,arayuz,"bas w-full","","apps/web/src/components/ui.tsx:331"
t07e1c1cd,arayuz,"basvuru","","apps/web/src/components/IttifakIncele.tsx:133 | apps/web/src/screens/Ittifak.tsx:455 | apps/web/src/screens/Ittifak.tsx:457 | apps/web/src/screens/Ittifak.tsx:495"
ta5948b20,arayuz,"Başarımlar · {0}/{1}","","apps/web/src/components/Basarimlar.tsx:52"
t28017778,arayuz,"Başkent taşınamadı.","","apps/web/src/screens/Sehir.tsx:327"
t2947aef5,arayuz,"başkentin yok","","apps/web/src/screens/Sehir.tsx:465"
tc727a7f6,arayuz,"Başkentini taşıyabilirsin","","apps/web/src/screens/Sehir.tsx:504"
tea7af10a,arayuz,"Başlat","","apps/web/src/screens/Arastirma.tsx:216"
tf408410e,arayuz,"Başvur","","apps/web/src/components/IttifakIncele.tsx:158 | apps/web/src/screens/Ittifak.tsx:498"
t08ca2f18,arayuz,"Başvuru bu arada değişmiş olabilir; sayfayı tazele.","","apps/web/src/components/IttifakBasvurular.tsx:182"
t24ca3219,arayuz,"Başvuru ile","","apps/web/src/components/IttifakBasvurular.tsx:87 | apps/web/src/components/IttifakIncele.tsx:74 | packages/shared/src/ittifakBasvuru.ts:24"
t9acaf527,arayuz,"Başvuru ile üye alıyor","","apps/web/src/screens/Ittifak.tsx:457"
t05c0c0b0,arayuz,"Başvurular","","apps/web/src/components/IttifakBasvurular.tsx:129"
t63e5dd41,arayuz,"Başvurular ({0})","","apps/web/src/components/IttifakBasvurular.tsx:129"
tbed07c7f,arayuz,"Başvuruldu · geri çek","","apps/web/src/screens/Ittifak.tsx:471"
taf634316,arayuz,"Başvurun gönderildi, liderin cevabı bekleniyor.","","apps/web/src/components/IttifakIncele.tsx:121"
t5a8f87c9,arayuz,"Başvuruyu geri çek","","apps/web/src/components/IttifakIncele.tsx:130"
t209831ca,arayuz,"Bearer {0}","","apps/api/src/services/eposta.ts:29 | apps/web/src/api/client.ts:86"
t6b91afa4,arayuz,"Bekle...","","apps/web/src/screens/Giris.tsx:127"
t7b8f58f9,arayuz,"Bekleyen başvuru yok.","","apps/web/src/components/IttifakBasvurular.tsx:135"
tfc8bbaee,arayuz,"Bırakılıyor…","","apps/web/src/screens/Harita.tsx:1243"
t341083b0,arayuz,"Bildirimler","","apps/web/src/screens/Hesap.tsx:87"
t7bcd8a64,arayuz,"Bildirimler açık","","apps/web/src/components/BildirimKarti.tsx:101"
t80e752d3,arayuz,"Bildirimler açılamadı. Birazdan tekrar dene.","","apps/web/src/components/BildirimKarti.tsx:59"
tafbba83c,arayuz,"Bildirimler açıldı.","","apps/web/src/components/BildirimKarti.tsx:92"
t5bbe9ba5,arayuz,"Bildirimleri aç","","apps/web/src/components/BildirimKarti.tsx:94"
ta69b22b0,arayuz,"Bilinmeyen bir hata oluştu.","","apps/web/src/api/client.ts:95"
tc00bd592,arayuz,"Binaların bu yerleşimde en fazla","","apps/web/src/screens/Sehir.tsx:471"
te7b9c929,arayuz,"bir araştırma başlat","","apps/web/src/components/Omurga.tsx:713"
tb1bc8549,arayuz,"Bir araştırma başlat","","apps/web/src/components/Omurga.tsx:721"
te3e4d049,arayuz,"BİR BAĞIŞ","","apps/web/src/components/IttifakBagis.tsx:105"
tb0690095,arayuz,"Bir bölgeyi sadece oraya bıraktığın garnizon savunur.","","apps/web/src/screens/Kisla.tsx:479"
t4dcb8fd1,arayuz,"Bir şey yaz…","","apps/web/src/components/IttifakSohbet.tsx:99"
t2d3fb36b,arayuz,"Bir şeyler ters gitti","","apps/web/src/components/HataSiniri.tsx:38"
t1c2e9b97,arayuz,"Bir tarla bölgesi al ya da ordunu küçült.","","apps/web/src/components/Omurga.tsx:417"
t02c706ee,arayuz,"birak:{0}","","apps/web/src/screens/Harita.tsx:1243"
t42301cb4,arayuz,"birim","","apps/web/src/screens/Harita.tsx:352"
t6ba9eca2,arayuz,"Birim eşleşmesi","","apps/web/src/components/KarsiIpuclari.tsx:45"
tf8bdd43a,arayuz,"birim öldü · tohum","","apps/web/src/components/SavasRaporu.tsx:619"
t355cd940,arayuz,"birim). Tek bir parça savaşı çevirmiyor; etkisini görmek için daha üst tier ekipman ya da daha büyük bir ordu gerekiyor.","","apps/web/src/screens/Demirhane.tsx:152"
t1ca8d367,arayuz,"Birlik yok.","","apps/web/src/components/SavasRaporu.tsx:184"
ta3c2fb1a,arayuz,"birliklerin","","apps/web/src/components/SavasRaporu.tsx:428 | apps/web/src/components/SavasRaporu.tsx:433"
t1ef36cff,arayuz,"Bittiğinde ordun saatte %{0} firar verir. ","","apps/web/src/components/Omurga.tsx:416"
tcca5f4e6,arayuz,"bosa_gidiyor","","apps/web/src/components/KarsiIpuclari.tsx:80"
t8bc83bb3,arayuz,"boş","","apps/web/src/screens/Harita.tsx:1318"
t6e980c82,arayuz,"boş arsa","","apps/web/src/screens/Sehir.tsx:601 | apps/web/src/screens/Sehir.tsx:685 | apps/web/src/screens/Sehir.tsx:688 | apps/web/src/screens/Sehir.tsx:885"
t0f1623db,arayuz,"Boş yer {0}, gereken {1}. Liderlik statını artır ya da daha az birim eğit.","","apps/web/src/screens/Kisla.tsx:95"
tceac3637,arayuz,"bölge","","apps/web/src/components/DiyarTanitimi.tsx:86 | apps/web/src/screens/LordEkrani.tsx:315 | apps/web/src/screens/Malikane.tsx:117 | apps/web/src/screens/Siralama.tsx:133 | apps/web/src/screens/Siralama.tsx:83 | data/seferler.json:seferler[1].birim"
t875a03d7,arayuz,"Bölge","","apps/api/src/routes/ittifak.ts:717 | apps/api/src/routes/map.ts:1149 | apps/api/src/routes/map.ts:343 | apps/api/src/routes/map.ts:540 | apps/api/src/routes/map.ts:559 | apps/api/src/routes/map.ts:600 | apps/api/src/routes/map.ts:618 | apps/api/src/routes/map.ts:710 | apps/api/src/routes/map.ts:845 | apps/api/src/routes/map.ts:975 | apps/web/src/screens/Harita.tsx:835"
t8e157175,arayuz,"BÖLGE EL DEĞİŞTİRDİ","","apps/web/src/components/SavasRaporu.tsx:513"
t8183ca19,arayuz,"bölge el değiştirmez.","","apps/web/src/components/SaldiriOnizleme.tsx:109"
teef5bf7b,arayuz,"Bölge geliri","","apps/web/src/screens/Generaller.tsx:37"
tdc110320,arayuz,"Bölge kalkan altında","","apps/web/src/screens/Harita.tsx:748"
t2bc4f28b,arayuz,"Bölge kıt, rakip çok. Tahtı hak eden alır.","","apps/web/src/screens/Giris.tsx:63"
t815f7c76,arayuz,"Bölge limitin dolu — kazansan bile alamazsın.","","apps/web/src/components/HedefSeridi.tsx:106"
t17059f93,arayuz,"Bölge limitin dolu (","","apps/web/src/components/SaldiriOnizleme.tsx:164"
t1a50f32e,arayuz,"Bölge sahipsiz kalır, garnizondaki birlikler eve döner. Bakımı ağır gelen ya da savunamadığın bir bölgeden böyle kurtulabilirsin.","","apps/web/src/screens/Harita.tsx:1228"
t141e709a,arayuz,"Bölge seviyesi × tip çarpanı. Toprak sahibinin sıralaması.","","apps/web/src/screens/Siralama.tsx:25"
tc9b5abfb,arayuz,"Bölge yükseltme","","apps/web/src/screens/Sehir.tsx:63"
ta5c31fa5,arayuz,"Bölgelerin","","apps/web/src/components/SaldiriOnizleme.tsx:151 | apps/web/src/components/SavasRaporu.tsx:88"
t2b7352ec,arayuz,"Bölgelerin sahipsiz kalır ve başkaları tarafından yeniden fethedilebilir.","","apps/web/src/screens/Hesap.tsx:148"
tcbb3dc3b,arayuz,"Bölgen","","apps/web/src/screens/Harita.tsx:814"
tc94ced4d,arayuz,"Bölgeni geliştir","","apps/web/src/components/Omurga.tsx:706 | packages/shared/src/rehber.ts:179"
t43e2d800,arayuz,"bölgeni yükselt","","apps/web/src/components/Omurga.tsx:625 | apps/web/src/components/Omurga.tsx:644 | apps/web/src/components/Omurga.tsx:681"
t52203242,arayuz,"Bölgenin seviyesi geliri de savunmayı da büyütür. Yeni toprak almadan da güçlenebilirsin.","","apps/web/src/components/Omurga.tsx:708"
t9422d5a7,arayuz,"bölgesine karşı saldır","","apps/web/src/components/SavasRaporu.tsx:612"
tcfabf448,arayuz,"bölgesini aldı","","apps/web/src/components/DunyaSeridi.tsx:109"
t642e404b,arayuz,"bölgesini yağmaladı","","apps/web/src/components/DunyaSeridi.tsx:113"
t918b4e4d,arayuz,"Bölgeye git","","apps/web/src/components/Omurga.tsx:709"
t9a01f3ab,arayuz,"bölgeyi alma ihtimali","","apps/web/src/components/SaldiriOnizleme.tsx:89"
t6be27a57,arayuz,"Bölgeyi almak için savunanın kabaca 1,5 katı güce ihtiyacın var; daha büyük bir orduyla gel.","","apps/web/src/components/SaldiriOnizleme.tsx:110"
tf94e359c,arayuz,"Bölgeyi bırak","","apps/web/src/screens/Harita.tsx:1226"
tec7a2e6e,arayuz,"Bronz","","apps/web/src/screens/Generaller.tsx:25"
td8d45f63,arayuz,"Bu bilgi eskidi; garnizon değişmiş olabilir. Tavsiyeler eski rapora göre verilmiyor.","","apps/web/src/screens/Harita.tsx:526"
t8f0d3d8f,arayuz,"Bu bölgede","","apps/web/src/screens/Harita.tsx:352"
t0bb9d20f,arayuz,"Bu Bölgedeki Savaşların","","apps/web/src/screens/Harita.tsx:1355"
t6a9f9031,arayuz,"Bu bölgenin geliri","","apps/web/src/components/SaldiriOnizleme.tsx:125"
td847d73b,arayuz,"Bu bölgeyi bırak","","apps/web/src/screens/Harita.tsx:1243"
t82f1944e,arayuz,"Bu bölgeyi sadece buradaki garnizon savunur.","","apps/web/src/screens/Harita.tsx:1218"
t48c3baf4,arayuz,"Bu diyarda henüz ittifak yok. İlkini sen kurabilirsin.","","apps/web/src/screens/Ittifak.tsx:416 | apps/web/src/screens/Siralama.tsx:232"
tef1de820,arayuz,"Bu ekipmanla","","apps/web/src/screens/Demirhane.tsx:159"
t3a868bbc,arayuz,"Bu eşya daha fazla yükseltilemez.","","apps/web/src/screens/Demirhane.tsx:209"
t71bf3e68,arayuz,"bu hafta","","apps/web/src/screens/Ittifak.tsx:94"
t679caaa7,arayuz,"Bu Haftanın Seferi","","apps/web/src/components/SeferKart.tsx:34"
t55e2d1b0,arayuz,"Bu haftanın seferi tamamlandı ve ödülü alındı. Pazartesi yeni sefer açılır.","","apps/web/src/components/SeferKart.tsx:83"
t39a1984c,arayuz,"Bu işlem geri alınamaz.","","apps/web/src/screens/Hesap.tsx:148"
t48c066f2,arayuz,"Bu savaş sıralamanı ve gelirini değiştirmedi — kazanılan tek şey tecrübe oldu.","","apps/web/src/components/SavasRaporu.tsx:65"
tb09ce6e8,arayuz,"Bu senin arman. Haritada ve sıralamada seni bu temsil ediyor.","","apps/web/src/components/Ogretici.tsx:181"
t44c405df,arayuz,"bu siteye bildirim izni vermen gerekiyor.","","apps/web/src/components/BildirimKarti.tsx:55"
t8ae61b4b,arayuz,"Bu sürede ekipman üretebilir ya da bölgeni yükseltebilirsin.","","apps/web/src/components/Omurga.tsx:481"
tb4911234,arayuz,"Bu sürede ordunu büyütebilir ya da ekipman üretebilirsin.","","apps/web/src/components/Omurga.tsx:438"
t0289e4af,arayuz,"Bu tabloda henüz kimse yok. Sıralamaya girmenin yolu bölge almaktan geçiyor.","","apps/web/src/screens/Siralama.tsx:280"
t4905a6f9,arayuz,"Bu tarayıcıda bildirimlere izin verilmemiş. Adres çubuğundaki kilit simgesinden izni açtıktan sonra tekrar dene.","","apps/web/src/components/BildirimKarti.tsx:82"
td31c801f,arayuz,"bugün","","apps/web/src/components/GorevOzeti.tsx:62"
tda09d6e8,arayuz,"Bugün · {0}/{1}","","apps/web/src/components/GunlukKart.tsx:84"
ted442f61,arayuz,"Bugün, bu hafta ve kilometre taşları","","apps/web/src/screens/Gorevler.tsx:31"
tec6ca18c,arayuz,"Bugünkü pazar hakkın:","","apps/web/src/components/Pazar.tsx:193"
tab346258,arayuz,"Bugünlük bağış hakkın bitti","","apps/web/src/components/IttifakBagis.tsx:70"
tfb4f5822,arayuz,"Bugünün ödülü alındı. Yarın seri","","apps/web/src/components/GunlukKart.tsx:143"
t52fed105,arayuz,"Can","","apps/web/src/screens/Kisla.tsx:292"
ta06cea5b,arayuz,"Can +{0} · yaralanma −%{1}","","apps/web/src/screens/LordEkrani.tsx:52"
t4fce4d37,arayuz,"Can +%{0}","","apps/web/src/screens/LordEkrani.tsx:544"
t25bfe7af,arayuz,"Casus gönder · {0} altın · {1}","","apps/web/src/screens/Harita.tsx:545"
t324c016f,arayuz,"Casus gönderilemedi.","","apps/web/src/screens/Harita.tsx:481"
td9552ee2,arayuz,"Casus yakalanabilir; Kurnazlık statın riski düşürür.","","apps/web/src/screens/Harita.tsx:556"
tcc2c2673,arayuz,"Casus yola çıkıyor…","","apps/web/src/screens/Harita.tsx:544"
t8910b63e,arayuz,"center 38%","","apps/web/src/components/Zemin.tsx:101"
t3c8166c1,arayuz,"craft","","apps/web/src/screens/Demirhane.tsx:525"
tb3c8f1a0,arayuz,"Çaylak","","apps/web/src/screens/LordEkrani.tsx:129"
tf0952fd6,arayuz,"Çekiliyor…","","apps/web/src/screens/Harita.tsx:362"
t24548309,arayuz,"Çıkar","","apps/web/src/screens/Demirhane.tsx:279"
tf6053cf1,arayuz,"ÇIKAR","","apps/web/src/screens/Ittifak.tsx:113"
t12471f4a,arayuz,"Çıkış","","apps/web/src/components/MobilKabuk.tsx:224"
t26ef993a,arayuz,"d ·","","apps/web/src/components/KaynakGonder.tsx:111 | apps/web/src/components/KaynakGonder.tsx:122"
t00b84621,arayuz,"daha","","apps/web/src/components/HedefSeridi.tsx:90"
tced17ccf,arayuz,"Daha büyük bir yerleşimin var. Taşınırsan binaların seninle gelir — hiçbir seviye kaybolmaz, yalnız tavan yükselir.","","apps/web/src/screens/Sehir.tsx:506"
t3116499d,arayuz,"daha.","","apps/web/src/components/SeferKart.tsx:104"
tfa0c522b,arayuz,"Dayanıklılık","","apps/web/src/screens/LordEkrani.tsx:50"
t050236e6,arayuz,"Defter henüz boş. Katılanlar, bağışlar, paktlar ve kararlar buraya yazılır.","","apps/web/src/components/IttifakKayit.tsx:50"
tb68f25c1,arayuz,"değerinde daha gönderebilirsin.","","apps/web/src/components/KaynakGonder.tsx:102"
taf285067,arayuz,"Değişikliği doğrulamak için gerekiyor.","","apps/web/src/screens/Hesap.tsx:64"
t56f6ebbc,arayuz,"Değişiklik yok","","apps/web/src/components/ArmaSecici.tsx:189"
tcc9f706a,arayuz,"demir","","apps/web/src/screens/Demirhane.tsx:305 | apps/web/src/screens/Demirhane.tsx:661 | apps/web/src/screens/Harita.tsx:1146"
t9e99f30a,arayuz,"Demir","","apps/web/src/components/KaynakGonder.tsx:90 | apps/web/src/components/MobilKabuk.tsx:243"
t107cc86b,arayuz,"demir ·","","apps/web/src/screens/Harita.tsx:1187 | apps/web/src/screens/Harita.tsx:512"
t15fbd33c,arayuz,"demirhane","","apps/web/src/App.tsx:478 | apps/web/src/screens/Demirhane.tsx:403"
tc8275adc,arayuz,"Demirhane","","apps/web/src/screens/Demirhane.tsx:403 | apps/web/src/screens/LordEkrani.tsx:467 | apps/web/src/screens/LordEkrani.tsx:484 | apps/web/src/screens/Sehir.tsx:553 | data/basarimlar.json:kumeler[3].ad | data/binalar.json:binalar[3].ad | packages/shared/src/types.ts:285"
tb2ce20de,arayuz,"Demirhane {0}","","apps/web/src/screens/Demirhane.tsx:456"
t5d00215f,arayuz,"Demirhanede ekipman üret","","apps/web/src/components/Omurga.tsx:625"
t0bd85dea,arayuz,"Demirhaneye git","","apps/web/src/components/Omurga.tsx:487 | apps/web/src/components/Omurga.tsx:640"
t88a73dfe,arayuz,"Deneme bildirimi gönderildi.","","apps/web/src/components/BildirimKarti.tsx:117"
t3409142b,arayuz,"Deneme bildirimi gönderilemedi.","","apps/web/src/components/BildirimKarti.tsx:121"
t0cd9dbc7,arayuz,"Deneme gönder","","apps/web/src/components/BildirimKarti.tsx:125"
tfb4d7db3,arayuz,"depo dolu","","apps/web/src/components/MobilKabuk.tsx:153"
t98a9b4f3,arayuz,"Depo:","","apps/web/src/screens/Harita.tsx:509"
t1d20a17b,arayuz,"Depon dolduğu için ürettiğin her şey boşa gidiyor. Ambarlar araştırması depoyu büyütür.","","apps/web/src/components/Omurga.tsx:662"
t24cb06e6,arayuz,"Deponun bir kısmı doluydu; sığan kadarı verildi.","","apps/web/src/components/GunlukKart.tsx:158 | apps/web/src/components/SeferKart.tsx:98"
td1158a3b,arayuz,"Deponun taşıyor","","apps/web/src/components/Omurga.tsx:660"
t7dc33a54,arayuz,"Desen","","apps/web/src/components/ArmaSecici.tsx:129"
tc72ff960,arayuz,"DETAY","","apps/web/src/screens/Kisla.tsx:283"
t37cf0867,arayuz,"DETAYI GİZLE","","apps/web/src/screens/Kisla.tsx:283"
ta6d41ede,arayuz,"Devam","","apps/web/src/components/Ogretici.tsx:234"
t378afa28,arayuz,"deyip oyunu oradan aç, sonra buraya dön.","","apps/web/src/components/BildirimKarti.tsx:75"
t144c260f,arayuz,"Dikili yapıya dokun: içine girersin. Boş arsaya dokun: bedelini söyler.","","apps/web/src/screens/Sehir.tsx:433"
t1518faf9,arayuz,"diplomasi","","apps/web/src/screens/Ittifak.tsx:394 | apps/web/src/screens/Ittifak.tsx:413"
taa9c8b99,arayuz,"Diplomasi","","apps/web/src/screens/Ittifak.tsx:223"
t8f0ecc4a,arayuz,"diyar","","apps/web/src/components/Ogretici.tsx:174"
t47bc99ea,arayuz,"Diyar","","apps/web/src/components/DiyarTanitimi.tsx:127 | data/arastirma.json:dallar[2].ad | data/basarimlar.json:kumeler[4].ad"
t2e0e6622,arayuz,"Diyar yükleniyor…","","apps/web/src/App.tsx:326"
tadebb397,arayuz,"Diyara Gir","","apps/web/src/screens/Giris.tsx:127"
t1c2cafbf,arayuz,"Diyarda henüz bir şey olmadı. Bir sefere çıkınca burada okursun.","","apps/web/src/screens/Malikane.tsx:260"
t72c3e02f,arayuz,"Diyarda neler oluyor","","apps/web/src/components/DunyaSeridi.tsx:93"
t1ffa6e79,arayuz,"Diyarda seni bu adla tanıyacaklar.","","apps/web/src/screens/Giris.tsx:88"
t84b2c8aa,arayuz,"Diyarda tek. Sahibi %","","apps/web/src/screens/Harita.tsx:1054"
t1693e09c,arayuz,"Diyarı büyüt","","apps/web/src/components/Omurga.tsx:736"
t0ce7b20a,arayuz,"diyarı büyütmeye devam et","","apps/web/src/components/Omurga.tsx:728"
t0824910b,arayuz,"Diyarıma dön","","apps/web/src/components/Ogretici.tsx:234"
tf29f8017,arayuz,"Diyarın ittifakları","","apps/web/src/screens/Siralama.tsx:191"
t43e1e7d0,arayuz,"Diyarın İttifakları","","apps/web/src/screens/Ittifak.tsx:414"
t864cfbde,arayuz,"Diyarın lordları","","apps/web/src/screens/Siralama.tsx:191"
te912c2d3,arayuz,"Diyarın Lordu","","apps/web/src/components/DiyarTanitimi.tsx:94 | data/basarimlar.json:kumeler[0].basarimlar[3].ad | data/unvanlar.json:taht_unvani"
t84a31c76,arayuz,"DİYARIN LORDU","","apps/web/src/screens/Siralama.tsx:80"
tecde6250,arayuz,"Diyarın Lordu · {0}","","apps/web/src/screens/Harita.tsx:982"
t8adeae05,arayuz,"Diyarında ne oldu","","apps/web/src/screens/Olaylar.tsx:73"
tf8838c3c,arayuz,"Diyarını kendi seçimlerinle büyüt","","apps/web/src/screens/Arastirma.tsx:92"
tecfbed87,arayuz,"Diyarının toprakları","","apps/web/src/screens/Malikane.tsx:113"
tdd11c481,arayuz,"Diyarlar","","apps/web/src/screens/Akin.tsx:137"
t6c1f26e7,arayuz,"Dizilim","","apps/web/src/components/DizilimIzgarasi.tsx:67"
t0c3eb82c,arayuz,"Dizilim ve taktik","","apps/web/src/components/DizilimIzgarasi.tsx:439"
t99ec2d0c,arayuz,"Dizilim ve Taktik","","apps/web/src/components/SavasRaporu.tsx:354"
t1fc71cab,arayuz,"Dizilimi kapat","","apps/web/src/components/DizilimIzgarasi.tsx:439"
tdcafa5d5,arayuz,"Dizilimin etkisi","","apps/web/src/components/DizilimIzgarasi.tsx:366"
t99cead47,arayuz,"Dolu","","apps/web/src/screens/Ittifak.tsx:492"
tf95e22df,arayuz,"Donanım","","apps/web/src/screens/Demirhane.tsx:418 | apps/web/src/screens/Demirhane.tsx:631"
t6f68ea57,arayuz,"donanim","","apps/web/src/screens/Demirhane.tsx:606"
t659903b0,arayuz,"Dönen ordun","","apps/web/src/components/DunyaHaritasi.tsx:408"
ta703af16,arayuz,"dönüş","","apps/web/src/components/SaldiriOnizleme.tsx:189"
tb6842d76,arayuz,"Dönüş","","apps/web/src/screens/Harita.tsx:914"
tca377742,arayuz,"drop-shadow(0 0 3px #fff3cf) drop-shadow(0 0 8px #f5b731)","","apps/web/src/screens/Akin.tsx:524 | apps/web/src/screens/Sehir.tsx:788"
t210d7b4a,arayuz,"drop-shadow(0 0 5px rgba(245,183,49,0.55))","","apps/web/src/screens/Sehir.tsx:790"
t265757b1,arayuz,"drop-shadow(0 0 6px rgba(245,183,49,0.8))","","apps/web/src/screens/Akin.tsx:526"
t5b30f3b7,arayuz,"Durum bu arada değişmiş olabilir; sayfayı tazele.","","apps/web/src/components/IttifakIncele.tsx:185"
t5c35d21d,arayuz,"DUYURU","","apps/web/src/components/IttifakDuyuru.tsx:51 | apps/web/src/components/IttifakIncele.tsx:80"
t75b84b26,arayuz,"Duyuru kaydedilemedi.","","apps/web/src/components/IttifakDuyuru.tsx:40"
td527bd8b,arayuz,"duzen","","apps/web/src/components/Ogretici.tsx:198"
t06db6bc3,arayuz,"Dünya","","apps/web/src/components/MobilKabuk.tsx:64"
td4decb88,arayuz,"Dünya Haritası","","apps/web/src/screens/Harita.tsx:811"
t92c998be,arayuz,"Dünya haritası, {0} bölge","","apps/web/src/components/DunyaHaritasi.tsx:504"
t537fb85a,arayuz,"düşman","","apps/web/src/screens/Harita.tsx:866"
tcb8eae6b,arayuz,"Düşman garnizonu görünmüyor. Casus göndererek öğrenebilir ya da Casus Leyla'yı sahaya sürerek sürekli görebilirsin.","","apps/web/src/screens/Harita.tsx:1338"
t4d955461,arayuz,"Düşman kamplarına in, kaynak ve ekipman getir","","apps/web/src/screens/Akin.tsx:108"
t4d81c255,arayuz,"Düzenle","","apps/web/src/components/SavunmaDuzeni.tsx:69"
t51266a55,arayuz,"DÜZENLE","","apps/web/src/components/IttifakDuyuru.tsx:62"
te00c22e0,arayuz,"e","","apps/web/src/components/KaynakGonder.tsx:112 | apps/web/src/components/KaynakGonder.tsx:123"
tddcec948,arayuz,"E-posta","","apps/web/src/screens/Giris.tsx:99"
tee39ae8e,arayuz,"Efsanevi","","apps/web/src/components/ui.tsx:276 | apps/web/src/screens/LordEkrani.tsx:129"
t11a6179a,arayuz,"eğitim","","apps/web/src/components/SaldiriOnizleme.tsx:181"
t7005d978,arayuz,"eğitim hızı","","apps/web/src/components/SavasRaporu.tsx:230"
tf81c1046,arayuz,"Eğitim kuyruğu dolu","","apps/web/src/screens/Kisla.tsx:87"
tc38ff08d,arayuz,"Eğitimde","","apps/web/src/screens/Kisla.tsx:268"
tf408ef01,arayuz,"eiöü","","apps/web/src/components/ekler.ts:13"
tb9fd40fc,arayuz,"ekipman düşer.","","apps/web/src/screens/Akin.tsx:647"
t20c68228,arayuz,"Ekipman gücü","","apps/web/src/screens/LordEkrani.tsx:538"
tf8c29599,arayuz,"Ekipman lordun savaş katkısını büyütür; aynı savaştan daha az kayıpla çıkarsın.","","apps/web/src/components/Omurga.tsx:634"
tdc7c54cf,arayuz,"Ekipman üret","","apps/web/src/screens/Demirhane.tsx:560"
t0d91ed0c,arayuz,"Ekipman üretimi","","apps/web/src/screens/Sehir.tsx:60"
t12fb0004,arayuz,"Ekipman yükseltme","","apps/web/src/screens/Sehir.tsx:61"
t9322a83e,arayuz,"Ekran yüklenirken beklenmedik bir hata oluştu. Sayfayı yenilemek çoğu zaman yeterlidir; sürerse ilerlemen kaybolmadı, sunucuda duruyor.","","apps/web/src/components/HataSiniri.tsx:40"
t530d9dd8,arayuz,"Elinde biriken kaynağı eksiğine çevir. Tüccar payını alır — doğru bölgeyi almak hâlâ daha kârlı.","","apps/web/src/components/Pazar.tsx:104"
tdf35d15b,arayuz,"En az {0}","","apps/web/src/components/Pazar.tsx:162"
tca8f57a6,arayuz,"En az 8 karakter","","apps/web/src/screens/Hesap.tsx:119 | apps/web/src/screens/ParolaSifirla.tsx:46"
t6a11b062,arayuz,"En az 8 karakter olmalı.","","apps/web/src/screens/Hesap.tsx:66 | apps/web/src/screens/ParolaSifirla.tsx:66"
t67a6cb18,arayuz,"En az 8 karakter.","","apps/web/src/screens/Giris.tsx:109"
t1aa30306,arayuz,"en az Sv","","apps/web/src/components/IttifakIncele.tsx:75"
t858aebb1,arayuz,"en çok açıldı:","","apps/web/src/components/SavasRaporu.tsx:409"
taac0489a,arayuz,"en çok öne geçti:","","apps/web/src/components/SavasRaporu.tsx:414"
t9dcee4d9,arayuz,"En düşük seviye","","apps/web/src/components/IttifakBasvurular.tsx:105"
t28a20d4b,arayuz,"En düşük üye seviyesi","","apps/web/src/components/IttifakBasvurular.tsx:118"
t704faa78,arayuz,"en üst seviye","","apps/web/src/components/IttifakBagis.tsx:94"
td2287218,arayuz,"En üst seviye","","apps/web/src/screens/Demirhane.tsx:676"
ta47d707e,arayuz,"En yüksek seviye.","","apps/web/src/screens/Generaller.tsx:119"
taff863ad,arayuz,"Enter","","apps/web/src/components/IttifakSohbet.tsx:97"
t96ea6f96,arayuz,"envanter","","apps/web/src/screens/Demirhane.tsx:551"
tcccc0db6,arayuz,"Envanter","","apps/web/src/screens/Demirhane.tsx:417"
tb647a1ab,arayuz,"Erzağın bitiyor","","apps/web/src/components/Omurga.tsx:414"
t97421dbc,arayuz,"erzak","","apps/web/src/screens/Harita.tsx:1187 | apps/web/src/screens/Harita.tsx:512"
t693ca05c,arayuz,"Erzak","","apps/web/src/components/KaynakGonder.tsx:91 | apps/web/src/components/MobilKabuk.tsx:251 | packages/shared/src/ogretici.ts:195"
t0509e8aa,arayuz,"Erzak bitti, askerler saatte %5 firar ediyor. Tarla bölgesi al ya da ordunu küçült.","","apps/web/src/screens/LordEkrani.tsx:284"
t709594fe,arayuz,"Erzak bitti, askerlerin kaçıyor. Bir tarla bölgesi al ya da ordunu küçült.","","apps/web/src/components/Omurga.tsx:384"
t9d5a171d,arayuz,"erzak/sa","","apps/web/src/screens/Kisla.tsx:411"
tae8a6ae3,arayuz,"eski bilgi · {0} önce","","apps/web/src/screens/Harita.tsx:500"
t99e130e8,arayuz,"Eşiğin altındaki lordlar başvuramaz. Kuyruğu senin yerine süzer.","","apps/web/src/components/IttifakBasvurular.tsx:121"
t360ac7a5,arayuz,"eşiğine ulaşmadı — bölge el değiştirmedi, yalnızca yağma alındı.","","apps/web/src/components/SavasRaporu.tsx:397"
tbc414084,arayuz,"eşik yok","","apps/web/src/components/IttifakBasvurular.tsx:107"
t16a76c19,arayuz,"Etiket (2-5 harf)","","apps/web/src/screens/Ittifak.tsx:341"
t6aba0c15,arayuz,"Evde","","apps/web/src/screens/Kisla.tsx:182"
ta56383d3,arayuz,"Evde asker yok. Kışla’da asker eğitince buradan savunma dizilimini kurabilirsin.","","apps/web/src/components/SavunmaDuzeni.tsx:61"
t2193d08f,arayuz,"Evde asker yok. Önce Kışla'da asker eğit.","","apps/web/src/screens/Akin.tsx:613"
t0552f64c,arayuz,"Evde asker yok. Saldırmak için önce ordu kurman gerekiyor.","","apps/web/src/screens/Harita.tsx:229"
tac9a5137,arayuz,"Evde ordun yok — önce Kışla'da asker eğit.","","apps/web/src/components/DizilimIzgarasi.tsx:249"
t5861bd74,arayuz,"feshediliyor","","apps/web/src/components/Paktlar.tsx:128"
t301d1406,arayuz,"Feshet","","apps/web/src/components/Paktlar.tsx:124"
t5364d799,arayuz,"Feshettin","","apps/web/src/components/Paktlar.tsx:130"
t37490ff9,arayuz,"Fetih","","apps/web/src/screens/Siralama.tsx:24 | data/basarimlar.json:kumeler[0].ad"
t985aacdc,arayuz,"fixed z-[55] bg-black/72 motion-safe:transition-all motion-safe:duration-200 motion-safe:ease-out","","apps/web/src/components/RehberIsigi.tsx:451"
t80e9a745,arayuz,"game-icons.net","","apps/web/src/screens/Giris.tsx:177"
tc36274bf,arayuz,"Garnizon","","apps/web/src/components/SavasRaporu.tsx:557 | apps/web/src/screens/Harita.tsx:1202 | apps/web/src/screens/Harita.tsx:1315"
t7bd683bd,arayuz,"Garnizonlarda","","apps/web/src/screens/Kisla.tsx:458"
t19ae54dc,arayuz,"Garnizonu ayarla","","apps/web/src/screens/Harita.tsx:1215"
t2adab535,arayuz,"Garnizonu görmüyorsun; eşleşme tahmini yapılamıyor.","","apps/web/src/components/KarsiIpuclari.tsx:95"
t27e7a2ba,arayuz,"GEÇ","","apps/web/src/components/Ogretici.tsx:147"
t1e73a047,arayuz,"geçit","","apps/web/src/screens/Harita.tsx:890"
tead799ae,arayuz,"GELEN TEKLİF","","apps/web/src/components/Paktlar.tsx:85"
t34dca95c,arayuz,"Geliştirme","","apps/web/src/screens/Harita.tsx:1098 | apps/web/src/screens/Harita.tsx:1175"
t3a40efac,arayuz,"Geliştirme kuyruğu dolu","","apps/web/src/screens/Harita.tsx:1079"
t5a0b4fde,arayuz,"Genel toplam skor. Dengeli oyuncuyu ödüllendirir.","","apps/web/src/screens/Siralama.tsx:19"
tc9e13052,arayuz,"General bütün ordunu birden güçlendirir — tek bir ekipmandan büyük fark yaratır.","","apps/web/src/components/Omurga.tsx:676"
tcdfb3203,arayuz,"general kirala","","apps/web/src/components/Omurga.tsx:644 | apps/web/src/components/Omurga.tsx:667"
t587175a3,arayuz,"General kirala","","apps/web/src/components/Omurga.tsx:675 | packages/shared/src/rehber.ts:178"
t47806416,arayuz,"generaller","","apps/web/src/App.tsx:477 | apps/web/src/screens/Generaller.tsx:190"
t18b11536,arayuz,"Generaller","","apps/web/src/screens/Generaller.tsx:190 | packages/shared/src/types.ts:283"
tbf8d2b79,arayuz,"Generallere git","","apps/web/src/components/Omurga.tsx:677"
t0e1e33ed,arayuz,"generalleri","","apps/web/src/components/SavasRaporu.tsx:255"
t021302a8,arayuz,"Geri","","apps/web/src/components/Ogretici.tsx:227"
tbca6ece6,arayuz,"Geri çağır","","apps/web/src/screens/Harita.tsx:933"
tde74af89,arayuz,"Geri çek","","apps/web/src/components/Paktlar.tsx:149"
tda4dca72,arayuz,"gidiş ·","","apps/web/src/components/SaldiriOnizleme.tsx:188"
t742a97fd,arayuz,"giris","","apps/web/src/screens/Giris.tsx:130 | apps/web/src/screens/Giris.tsx:140 | apps/web/src/screens/Giris.tsx:54"
t2de7bc19,arayuz,"Giriş","","apps/web/src/screens/Giris.tsx:81"
t010f9302,arayuz,"Giriş ekranına dön","","apps/web/src/App.tsx:315 | apps/web/src/screens/ParolaSifirla.tsx:41"
te859868f,arayuz,"Giriş Yap","","apps/web/src/screens/Giris.tsx:127"
t542abc6b,arayuz,"git","","apps/web/src/components/GunlukKart.tsx:123"
tde766bef,arayuz,"gorevler","","apps/web/src/App.tsx:465 | apps/web/src/screens/Gorevler.tsx:31"
t5474ae38,arayuz,"gorunus","","apps/web/src/screens/LordEkrani.tsx:574"
t5228efad,arayuz,"Gönder","","apps/web/src/components/KaynakGonder.tsx:95"
t3b8e7ae3,arayuz,"Gönderilecek cihaz bulunamadı.","","apps/web/src/components/BildirimKarti.tsx:118"
t3d21f583,arayuz,"Gönderilecek takviye","","apps/web/src/screens/Harita.tsx:371"
t694ea4fc,arayuz,"Gönderilemedi.","","apps/web/src/components/KaynakGonder.tsx:40"
tc4320737,arayuz,"Gönderiliyor…","","apps/web/src/components/Paktlar.tsx:192 | apps/web/src/screens/Akin.tsx:659 | apps/web/src/screens/Demirhane.tsx:525 | apps/web/src/screens/Generaller.tsx:148 | apps/web/src/screens/Giris.tsx:152 | apps/web/src/screens/Harita.tsx:1163 | apps/web/src/screens/Hesap.tsx:135 | apps/web/src/screens/Kisla.tsx:259 | apps/web/src/screens/ParolaSifirla.tsx:62 | apps/web/src/screens/Sehir.tsx:937 | apps/web/src/screens/Siralama.tsx:322"
t5b346f80,arayuz,"Görevler","","apps/web/src/screens/Gorevler.tsx:31"
tcfc6fca0,arayuz,"GÖREVLER","","apps/web/src/components/GorevOzeti.tsx:39 | apps/web/src/components/GorevOzeti.tsx:58"
t3e9ed452,arayuz,"Görevler yükleniyor","","apps/web/src/components/GorevOzeti.tsx:45"
t325b5031,arayuz,"Görünüş","","apps/web/src/screens/LordEkrani.tsx:361"
t41352bde,arayuz,"guc","","apps/web/src/screens/LordEkrani.tsx:367"
t935ad3f0,arayuz,"güce karşı","","apps/web/src/components/SavasRaporu.tsx:410 | apps/web/src/components/SavasRaporu.tsx:415"
t75891eb8,arayuz,"Gücün savunanın","","apps/web/src/components/SavasRaporu.tsx:390"
tc682e64b,arayuz,"güç","","apps/web/src/screens/Demirhane.tsx:82"
t269314eb,arayuz,"Güç","","apps/web/src/screens/LordEkrani.tsx:360 | apps/web/src/screens/LordEkrani.tsx:48"
t06e4276b,arayuz,"GÜÇ","","apps/web/src/screens/Demirhane.tsx:250"
t967d08a0,arayuz,"güçlüydü.","","apps/web/src/components/SavasRaporu.tsx:392"
t56b42f80,arayuz,"Gümüş","","apps/web/src/screens/Generaller.tsx:25 | data/arma.json:renkler[6].ad"
t3d83a1a0,arayuz,"gün","","apps/web/src/components/GunlukKart.tsx:88"
t24d0f673,arayuz,"gün kaldı","","apps/web/src/components/SeferKart.tsx:39"
ta4e04755,arayuz,"Günde en fazla {0} saldırı yapabilirsin. Taht Kalesi bu limitten muaftır; yarın sıfırlanır.","","apps/web/src/screens/Harita.tsx:743"
t6ed6957e,arayuz,"Günlük kaynak gönderme","","apps/web/src/components/IttifakBagis.tsx:26"
tbba0a46f,arayuz,"Günlük saldırı hakkın bitti","","apps/web/src/screens/Harita.tsx:742"
t13da7c2c,arayuz,"Günün ödülü","","apps/web/src/components/GunlukKart.tsx:130"
t5f5261f4,arayuz,"harita","","apps/web/src/App.tsx:400"
ta565dc14,arayuz,"Harita","","apps/web/src/screens/Sehir.tsx:556"
t811aa7b9,arayuz,"Haritada kesik çizgiyle işaretli.","","apps/web/src/screens/Ittifak.tsx:287"
t361bace9,arayuz,"Haritada tarla ara","","apps/web/src/components/Omurga.tsx:390 | apps/web/src/components/Omurga.tsx:426"
t87727ea5,arayuz,"Haritadan bir bölge seç ve ""İttifak hedefi yap"" de.","","apps/web/src/screens/Ittifak.tsx:293"
t923b4654,arayuz,"Haritaya bak","","apps/web/src/screens/LordEkrani.tsx:110"
t3f5817ee,arayuz,"Haritaya git","","apps/web/src/screens/Malikane.tsx:165 | apps/web/src/screens/Olaylar.tsx:83 | apps/web/src/screens/Siralama.tsx:281"
tbb18b696,arayuz,"Haritayı aç","","apps/web/src/screens/Malikane.tsx:267"
ta2f0d896,arayuz,"Haritayı sığdır","","apps/web/src/components/DunyaHaritasi.tsx:757"
t540f2dd6,arayuz,"hasar.","","apps/web/src/components/KarsiCemberi.tsx:105"
t4888ec29,arayuz,"Hastane","","apps/web/src/components/Hastane.tsx:34 | data/binalar.json:binalar[4].ad | packages/shared/src/ogretici.ts:326"
t39bc2f60,arayuz,"Hazır olunca {0} üzerine yürüyeceksin.","","apps/web/src/components/Omurga.tsx:460"
t67fd13ec,arayuz,"Hedef işaretlenemedi.","","apps/web/src/screens/Harita.tsx:414"
t4a708677,arayuz,"Hedefi kaldır","","apps/web/src/screens/Ittifak.tsx:305"
tfa6a08bf,arayuz,"Hedefin tahkimatı savunmaya","","apps/web/src/components/SavasRaporu.tsx:423"
t8910d1b9,arayuz,"Henüz akına çıkmadın. Bir diyar seç, grubunu belirle, ordunu gönder.","","apps/web/src/screens/Akin.tsx:179"
t714210b8,arayuz,"Henüz bir şey olmadı. Bir saldırı yaptığında ya da bölgen geliştiğinde burada okursun.","","apps/web/src/screens/Olaylar.tsx:81"
t56cda73a,arayuz,"Henüz duyuru yok. Üyelerin görmesi gereken bir kural varsa buraya yaz.","","apps/web/src/components/IttifakDuyuru.tsx:93"
tefa6685a,arayuz,"Henüz ekipmanın yok. İlk parçanı üretmek ordunun gücünü doğrudan artırır.","","apps/web/src/screens/Demirhane.tsx:557"
t0f78ebc0,arayuz,"Henüz kimse yazmadı. İlk sözü sen söyle — bir hedef göster, yardım iste.","","apps/web/src/components/IttifakSohbet.tsx:63"
t03b91b40,arayuz,"Henüz toprağın yok. Haritada bir bölge al, geliri buraya işlesin.","","apps/web/src/screens/Malikane.tsx:164"
t9148a36e,arayuz,"Hepsi","","apps/web/src/screens/Harita.tsx:220"
t5cf0de08,arayuz,"Her gün {0} bağış hakkın var.","","apps/web/src/components/IttifakBagis.tsx:70"
t3c059a5d,arayuz,"Herkes katılabilir","","apps/web/src/components/IttifakIncele.tsx:74 | apps/web/src/screens/Ittifak.tsx:457 | packages/shared/src/ittifakBasvuru.ts:23"
t57aac722,arayuz,"Herkes katılsın","","apps/web/src/components/IttifakBasvurular.tsx:96"
te3e0c8d3,arayuz,"Hesabı Sil","","apps/web/src/screens/Hesap.tsx:144"
t30c7d34d,arayuz,"HESABIMI SIL","","apps/api/src/routes/me.ts:63 | apps/web/src/api/client.ts:849 | apps/web/src/screens/Hesap.tsx:171 | apps/web/src/screens/Hesap.tsx:72"
te485c18d,arayuz,"Hesabımı silmek istiyorum","","apps/web/src/screens/Hesap.tsx:154"
t8b2fd54f,arayuz,"Hesabın, lordun, ordun ve ekipmanın kalıcı olarak silinir.","","apps/web/src/screens/Hesap.tsx:147"
t766c9b1e,arayuz,"hesap","","apps/web/src/App.tsx:499"
t1c280cbe,arayuz,"Hesap","","apps/web/src/screens/Hesap.tsx:78 | apps/web/src/screens/LordEkrani.tsx:587 | packages/shared/src/types.ts:289"
t571cff1d,arayuz,"Hesap silinemedi.","","apps/web/src/screens/Hesap.tsx:59"
t5a3adcd8,arayuz,"Hız","","apps/web/src/screens/Kisla.tsx:293"
td1bd2e13,arayuz,"hızlı · keşif %","","apps/web/src/components/IttifakIncele.tsx:89"
t778c4ebf,arayuz,"Hiçbir yuvan dolu değil. Ekipman","","apps/web/src/screens/LordEkrani.tsx:461"
t9cb9666b,arayuz,"için savaşıyor","","apps/web/src/components/DiyarTanitimi.tsx:87"
t1e2e7dc4,arayuz,"içinde varacak, sonucu bu oturumda göreceksin.","","apps/web/src/components/SaldiriOnizleme.tsx:194"
t76d5e47d,arayuz,"İdeal dizilim","","apps/web/src/components/DizilimSemasi.tsx:33"
t7deecf77,arayuz,"ihbar süresi boyunca pakt hâlâ korur — söz verdiğin an geri alınamıyor, o yüzden söz değerli.","","apps/web/src/components/Paktlar.tsx:162"
t6575ecb8,arayuz,"ihtimalle T","","apps/web/src/screens/Akin.tsx:647"
t1458df25,arayuz,"İKİNCİ","","apps/web/src/components/DizilimIzgarasi.tsx:52"
td2bcae9f,arayuz,"İkinci renk","","apps/web/src/components/ArmaSecici.tsx:147"
taa027114,arayuz,"İkonlar","","apps/web/src/screens/Giris.tsx:170"
tb14deebf,arayuz,"İlerleme","","apps/web/src/screens/Arastirma.tsx:96"
te4d7bc84,arayuz,"İlk akınına çık","","apps/web/src/components/Omurga.tsx:537 | packages/shared/src/rehber.ts:175"
tdd36eb75,arayuz,"ilk bölgeni al","","apps/web/src/components/Omurga.tsx:512 | apps/web/src/components/Omurga.tsx:552"
te491c731,arayuz,"İlk saldırın hızlandırıldı: ordun","","apps/web/src/components/SaldiriOnizleme.tsx:194"
t2153024e,arayuz,"imkânsız","","apps/web/src/components/SaldiriOnizleme.tsx:48"
t539eaf41,arayuz,"inset 0 1px 0 rgba(255,255,255,0.3)","","apps/web/src/components/ui.tsx:606"
t27a68836,arayuz,"inşa","","apps/web/src/screens/Sehir.tsx:605"
t11e05dd1,arayuz,"inşa ediliyor","","apps/web/src/screens/Sehir.tsx:482"
tff2e7684,arayuz,"İnşa et","","apps/web/src/screens/Sehir.tsx:937"
t776ce02a,arayuz,"İnşaat","","apps/web/src/screens/Sehir.tsx:58"
t22b61a98,arayuz,"İnşaat başlatılamadı.","","apps/web/src/screens/Sehir.tsx:311"
t15c47209,arayuz,"ios-ana-ekran","","apps/web/src/components/BildirimKarti.tsx:72"
td1345f2b,arayuz,"iPhone ve iPad&apos;de bildirimler yalnızca ana ekrana eklenmiş uygulamada çalışır. Paylaş menüsünden","","apps/web/src/components/BildirimKarti.tsx:74"
t68d4eca6,arayuz,"İptal","","apps/web/src/screens/Arastirma.tsx:122 | apps/web/src/screens/Sehir.tsx:488"
t8f6427be,arayuz,"İptal edersen harcadığının yarısı geri gelir.","","apps/web/src/screens/Arastirma.tsx:126 | apps/web/src/screens/Sehir.tsx:492"
t57dca8ac,arayuz,"İPUCU","","apps/web/src/screens/Malikane.tsx:223"
t37ae6ede,arayuz,"israf","","apps/web/src/components/MobilKabuk.tsx:153"
t65acff74,arayuz,"İşaretleniyor…","","apps/web/src/screens/Harita.tsx:447"
t55615cba,arayuz,"İşlem başarısız.","","apps/web/src/screens/Demirhane.tsx:366 | apps/web/src/screens/Generaller.tsx:180 | apps/web/src/screens/Harita.tsx:641 | apps/web/src/screens/Kisla.tsx:340 | apps/web/src/screens/LordEkrani.tsx:196"
tce89a581,arayuz,"İşlem tamamlanamadı.","","apps/web/src/components/Paktlar.tsx:49"
tcabdf0fd,arayuz,"İşlem yapılamadı.","","apps/web/src/components/IttifakBasvurular.tsx:43 | apps/web/src/components/IttifakIncele.tsx:44 | apps/web/src/screens/Harita.tsx:314 | apps/web/src/screens/Ittifak.tsx:138"
tbb418e1f,arayuz,"ittifak","","apps/web/src/App.tsx:476 | apps/web/src/screens/Ittifak.tsx:209"
tdef74ba4,arayuz,"İttifak","","apps/api/src/routes/ittifak.ts:1287 | apps/api/src/routes/ittifak.ts:1469 | apps/api/src/routes/ittifak.ts:510 | apps/api/src/routes/ittifak.ts:937 | apps/web/src/screens/Harita.tsx:436 | apps/web/src/screens/Ittifak.tsx:209 | apps/web/src/screens/Siralama.tsx:36 | packages/shared/src/types.ts:286"
t1d6a6fe8,arayuz,"İttifak adı","","apps/web/src/screens/Ittifak.tsx:334"
t57230d2a,arayuz,"İttifak dolu","","apps/web/src/components/IttifakBasvurular.tsx:163"
t36263fef,arayuz,"İttifak hedefi yap","","apps/web/src/screens/Harita.tsx:447"
ta58c0e06,arayuz,"İttifak Kur","","apps/web/src/screens/Ittifak.tsx:326"
t2f32c28b,arayuz,"İttifak kurmak {0} altın tutuyor; {1} altının var.","","apps/web/src/screens/Ittifak.tsx:359"
tab8d0c98,arayuz,"İttifak listesinde, sıralamada ve üyelerinin yanında bu arma görünür.","","apps/web/src/screens/Ittifak.tsx:380"
t7e38d851,arayuz,"İttifak seç…","","apps/web/src/components/Paktlar.tsx:180"
tc0d38154,arayuz,"İttifak Seviyesi · {0}","","apps/web/src/components/IttifakBagis.tsx:80"
t555488a0,arayuz,"İttifak Sohbeti","","apps/web/src/components/IttifakSohbet.tsx:59"
tad6b90ff,arayuz,"İttifak üyelerine saldıramazsın, onlar da sana saldıramaz.","","apps/web/src/screens/Ittifak.tsx:311"
tc44c471f,arayuz,"İttifaka","","apps/web/src/components/IttifakBagis.tsx:127"
t9e905e53,arayuz,"İttifaka git","","apps/web/src/screens/Siralama.tsx:233"
t53231bc6,arayuz,"İttifakım","","apps/web/src/screens/Ittifak.tsx:222"
t127bae83,arayuz,"İttifakın {0}. seviyeye çıktı!","","apps/web/src/components/IttifakBagis.tsx:46"
t8e863c80,arayuz,"İttifakın Arması","","apps/web/src/screens/Ittifak.tsx:379"
t0a1b8b4e,arayuz,"İttifakın Kapısı","","apps/web/src/components/IttifakBasvurular.tsx:72"
t5c9c3940,arayuz,"İttifakının henüz paktı yok. Pakt kurma kararını lider verir.","","apps/web/src/components/Paktlar.tsx:202"
tc9cb6ae9,arayuz,"İttifakının sırası","","apps/web/src/screens/Siralama.tsx:244"
t99b38c7d,arayuz,"ittifakim","","apps/web/src/screens/Ittifak.tsx:232"
t22f750ba,arayuz,"İttifaktan ayrıl","","apps/web/src/screens/Ittifak.tsx:321"
tfdbdf073,arayuz,"İyileşene kadar saldıramazsın. Malikâne ekranında kalan süreyi görebilirsin.","","apps/web/src/screens/Harita.tsx:733"
t3922a4ac,arayuz,"iyileşince saldır","","apps/web/src/components/Omurga.tsx:447"
tecfae1d8,arayuz,"İyileşmesine","","apps/web/src/screens/LordEkrani.tsx:296"
t217040e8,arayuz,"Kabul","","apps/web/src/components/Paktlar.tsx:95"
t569c9389,arayuz,"Kabul et","","apps/web/src/components/IttifakBasvurular.tsx:163"
ta6651066,arayuz,"kademe {0}","","apps/web/src/screens/Arastirma.tsx:164"
t01d420ed,arayuz,"Kadim","","apps/web/src/components/ui.tsx:282"
tb768a553,arayuz,"Kadro çağrılıyor...","","apps/web/src/screens/Generaller.tsx:184"
t0f383914,arayuz,"KALAN","","apps/web/src/components/SavasRaporu.tsx:190"
tc67d9cb8,arayuz,"kaldı","","apps/web/src/screens/Arastirma.tsx:118 | apps/web/src/screens/Sehir.tsx:484"
ta26a9886,arayuz,"kaldı. Bu sürede saldıramazsın.","","apps/web/src/screens/LordEkrani.tsx:296"
t8a4e1a1c,arayuz,"kaldı. İlk saldırında kalkan düşer.","","apps/web/src/screens/Malikane.tsx:136"
t89ae57e6,arayuz,"Kale","","apps/web/src/components/HedefSeridi.tsx:22 | apps/web/src/screens/Harita.tsx:64 | apps/web/src/screens/Malikane.tsx:55"
ta2c9f70e,arayuz,"Kale kırıcı. Tahkimata ×2, birime karşı ×0,5.","","apps/web/src/screens/Kisla.tsx:60"
t9d1f376a,arayuz,"kaleye_iyi","","apps/web/src/components/KarsiIpuclari.tsx:70"
t32403562,arayuz,"Kalıcı olarak sil","","apps/web/src/screens/Hesap.tsx:196"
t0f86f2e3,arayuz,"Kalkan","","apps/web/src/components/ArmaSecici.tsx:113 | apps/web/src/screens/Demirhane.tsx:61 | apps/web/src/screens/LordEkrani.tsx:71"
t806485d0,arayuz,"kalkan altında","","apps/web/src/screens/Malikane.tsx:203"
t821d31ab,arayuz,"Kampın","","apps/web/src/components/DunyaHaritasi.tsx:416 | apps/web/src/components/DunyaHaritasi.tsx:950"
t6eaf3b65,arayuz,"kapali","","apps/web/src/components/BildirimKarti.tsx:87"
t926ba486,arayuz,"kapat","","apps/web/src/components/Basarimlar.tsx:77"
t66e09026,arayuz,"Kapat","","apps/web/src/components/ArmaSecici.tsx:105 | apps/web/src/components/BildirimKarti.tsx:133 | apps/web/src/components/KapiPaneli.tsx:89 | apps/web/src/components/SavasRaporu.tsx:479 | apps/web/src/components/SavasRaporu.tsx:502 | apps/web/src/components/SavunmaDuzeni.tsx:69 | apps/web/src/screens/Demirhane.tsx:126 | apps/web/src/screens/Harita.tsx:1043 | apps/web/src/screens/Harita.tsx:945 | apps/web/src/screens/Siralama.tsx:294"
t0ffc6da6,arayuz,"KAPAT","","apps/web/src/screens/Demirhane.tsx:127"
ta8548f01,arayuz,"Kapı herkese açık, başvuru gelmiyor.","","apps/web/src/components/IttifakBasvurular.tsx:135"
t643a1b1c,arayuz,"Kara Yusuf","","apps/web/src/screens/Giris.tsx:92"
t4e8e5eb4,arayuz,"kare","","apps/web/src/components/DizilimIzgarasi.tsx:277"
t6812691d,arayuz,"Karşı taraf","","apps/web/src/components/SavasRaporu.tsx:392 | apps/web/src/components/SavasRaporu.tsx:414"
tdd047557,arayuz,"Karşı taraf feshetti","","apps/web/src/components/Paktlar.tsx:130"
t61651f24,arayuz,"Karşılaştırılacak bir hedef kalmadı; haritada saldırılabilir bölge yok.","","apps/web/src/screens/Demirhane.tsx:170"
t0d1dfed4,arayuz,"Karşında:","","apps/web/src/screens/Akin.tsx:587"
te6c6b682,arayuz,"karşısında","","apps/web/src/components/SavasRaporu.tsx:428 | apps/web/src/components/SavasRaporu.tsx:433"
t14306832,arayuz,"Katıl","","apps/web/src/components/IttifakIncele.tsx:169 | apps/web/src/screens/Ittifak.tsx:499"
t106f163d,arayuz,"Katılmak","","apps/web/src/components/IttifakIncele.tsx:116 | packages/shared/src/ogretici.ts:513"
t182c78f7,arayuz,"katkı","","apps/web/src/components/Omurga.tsx:637 | apps/web/src/screens/Ittifak.tsx:94"
tf17fa84a,arayuz,"kattı.","","apps/web/src/components/SavasRaporu.tsx:421 | apps/web/src/components/SavasRaporu.tsx:423"
tc0088b9a,arayuz,"Kaybedersen","","apps/web/src/components/ui.tsx:228"
t2a417817,arayuz,"Kaydedilemedi, tekrar dene.","","apps/web/src/components/SavunmaDuzeni.tsx:100"
tb4a70c1f,arayuz,"Kaydediliyor...","","apps/web/src/screens/LordEkrani.tsx:439"
t6e20f3cf,arayuz,"Kaydediliyor…","","apps/web/src/components/ArmaSecici.tsx:189 | apps/web/src/components/IttifakDuyuru.tsx:86 | apps/web/src/components/SavunmaDuzeni.tsx:97"
t80a231d5,arayuz,"Kaydet","","apps/web/src/components/IttifakDuyuru.tsx:86"
t083caee9,arayuz,"KAYIP","","apps/web/src/components/SavasRaporu.tsx:189"
t04d55daf,arayuz,"Kayıpların geri dönüşü","","apps/web/src/screens/Generaller.tsx:40"
t6ff52f6d,arayuz,"Kayıt","","apps/web/src/screens/Ittifak.tsx:225"
t4b2bd8f8,arayuz,"Kayıt Defteri","","apps/web/src/components/IttifakKayit.tsx:47"
t8eabec15,arayuz,"kayit","","apps/web/src/screens/Giris.tsx:109 | apps/web/src/screens/Giris.tsx:127 | apps/web/src/screens/Giris.tsx:163 | apps/web/src/screens/Giris.tsx:81 | apps/web/src/screens/Giris.tsx:87 | apps/web/src/screens/Ittifak.tsx:401"
t1ea0a49d,arayuz,"Kaynağın yetmiyor","","apps/web/src/components/IttifakBagis.tsx:72 | apps/web/src/components/ui.tsx:139"
t9bec001a,arayuz,"Kaynak Gönder","","apps/web/src/components/KaynakGonder.tsx:69"
te4ba32fe,arayuz,"Kaynak gönderme tavanı +","","apps/web/src/components/IttifakIncele.tsx:88"
t4f0b28d8,arayuz,"kaynak ve ekipman","","apps/web/src/components/Omurga.tsx:543"
t0b71fc53,arayuz,"Kaynak yolda vakit geçirir. Bugün","","apps/web/src/components/KaynakGonder.tsx:101"
t394c24be,arayuz,"Kazancın yalnızca yağma","","apps/web/src/components/SaldiriOnizleme.tsx:114"
t1e9d2119,arayuz,"Kazanırsan","","apps/web/src/components/SaldiriOnizleme.tsx:100 | apps/web/src/components/ui.tsx:227"
t5656a54d,arayuz,"kazanırsan ilk demirini savaşarak alırsın.","","apps/web/src/components/Omurga.tsx:540"
t545b2a19,arayuz,"Kazanırsan:","","apps/web/src/screens/Akin.tsx:642"
tcf60c0c7,arayuz,"Kazanma ihtimali","","apps/web/src/screens/Akin.tsx:621"
t9ab780a2,arayuz,"Kazansan bile","","apps/web/src/components/SaldiriOnizleme.tsx:100"
t8cd1d240,arayuz,"Kendi üyenizin bölgesi hedef olamaz.","","apps/api/src/routes/ittifak.ts:726 | apps/web/src/screens/Harita.tsx:451"
tb766e201,arayuz,"Keşif","","apps/web/src/screens/Harita.tsx:497 | apps/web/src/screens/Sehir.tsx:64 | data/generals.json:generaller[7].yetenek.ad"
t3402d9f4,arayuz,"Keşif indirimi","","apps/web/src/components/IttifakBagis.tsx:28"
t13a28099,arayuz,"kıl payı — sonuç değişebilir","","apps/web/src/components/SaldiriOnizleme.tsx:46"
t1f31dd4f,arayuz,"Kılıç","","apps/web/src/screens/Siralama.tsx:30 | data/arma.json:semboller[1].ad"
t1347fb95,arayuz,"Kısa not (isteğe bağlı)","","apps/web/src/components/IttifakIncele.tsx:139"
te6aa59ed,arayuz,"Kısaca yaz","","apps/web/src/screens/Siralama.tsx:305"
t727d8719,arayuz,"Kışla","","apps/web/src/screens/Demirhane.tsx:566 | apps/web/src/screens/Kisla.tsx:370 | apps/web/src/screens/Olaylar.tsx:84 | apps/web/src/screens/Sehir.tsx:550 | data/binalar.json:binalar[1].ad"
tffaa3bd3,arayuz,"Kışla'da asker eğit, burası dolsun.","","apps/web/src/components/OrduSahnesi.tsx:190"
t547d4428,arayuz,"Kışla'ya git","","apps/web/src/screens/Harita.tsx:232"
t4aa6e545,arayuz,"Kışlada {0} eğit","","apps/web/src/components/Omurga.tsx:599"
t28f07577,arayuz,"Kışlaya git","","apps/web/src/components/Omurga.tsx:444"
t992e14ad,arayuz,"Kilitli —","","apps/web/src/screens/Arastirma.tsx:219"
t75c58153,arayuz,"Kilitli — {0}","","apps/web/src/components/DizilimIzgarasi.tsx:418"
t620209e5,arayuz,"Kiminle birlikte oynuyorsun","","apps/web/src/screens/Ittifak.tsx:209"
t0c8cef8c,arayuz,"Kirala · {0}","","apps/web/src/screens/Generaller.tsx:148"
t7c821095,arayuz,"kisla","","apps/web/src/App.tsx:389 | apps/web/src/screens/Kisla.tsx:370"
tab84326b,arayuz,"komisyon %","","apps/web/src/components/Pazar.tsx:101"
ta3a2b822,arayuz,"komuta","","apps/web/src/components/OrduSahnesi.tsx:259 | apps/web/src/screens/Kisla.tsx:404"
t48dcce40,arayuz,"Komuta {0} yer","","apps/web/src/screens/LordEkrani.tsx:54"
tfd213fce,arayuz,"Komuta kapasiten yetmiyor","","apps/web/src/components/Omurga.tsx:562"
t6070c855,arayuz,"Komuta yeri","","apps/web/src/screens/Kisla.tsx:294"
t42c135b1,arayuz,"Komuta yerin yetmiyor","","apps/web/src/screens/Kisla.tsx:94"
t44600e9f,arayuz,"Korumalı","","apps/web/src/components/DunyaHaritasi.tsx:936"
t0d0d93bf,arayuz,"Koşul değiştiğinde düğme kendiliğinden açılır.","","apps/web/src/components/IttifakIncele.tsx:179"
tcbfde837,arayuz,"Köy","","apps/web/src/screens/Malikane.tsx:53 | packages/shared/src/bina.ts:57"
t2817ed3d,arayuz,"kritik","","apps/web/src/components/MobilKabuk.tsx:154"
t5932d212,arayuz,"Kumandan","","apps/web/src/screens/LordEkrani.tsx:129"
ta75ebbe0,arayuz,"Kur ·","","apps/web/src/screens/Ittifak.tsx:354"
t863206b4,arayuz,"Kuralları sağladığından emin ol ve tekrar dene.","","apps/web/src/components/Paktlar.tsx:207 | apps/web/src/screens/Ittifak.tsx:405"
t41958ef2,arayuz,"Kurnazlık","","apps/web/src/screens/LordEkrani.tsx:56"
t46e558eb,arayuz,"Kurulmadı — ordun şimdilik önerilen düzende savaşıyor. Elle kurarsan daha iyisini yapabilirsin.","","apps/web/src/components/SavunmaDuzeni.tsx:64"
taecbd481,arayuz,"Kuşan","","apps/web/src/screens/Demirhane.tsx:279"
tf411f46d,arayuz,"kuşanıkla aynı","","apps/web/src/screens/Demirhane.tsx:76"
tec20dd70,arayuz,"Kuşanılan Ekipman","","apps/web/src/screens/LordEkrani.tsx:455"
t43eafc33,arayuz,"Kuşanıldı — ne değişti","","apps/web/src/screens/Demirhane.tsx:125"
t962eab7c,arayuz,"Kuşanırsan savaş katkın","","apps/web/src/screens/Demirhane.tsx:98"
t5b992c70,arayuz,"kuşatma tahkimat hasarı","","apps/web/src/components/SavasRaporu.tsx:227"
t2b6aae42,arayuz,"Kutuya birebir HESABIMI SIL yazman gerekiyor.","","apps/web/src/screens/Hesap.tsx:73"
ta64656fc,arayuz,"Kutuya HESABIMI SIL yaz","","apps/web/src/screens/Hesap.tsx:167"
ta51165f2,arayuz,"Kuyruk","","apps/web/src/screens/Kisla.tsx:423"
t24a14132,arayuz,"Kuyruk boş. Bir şeyler başlat.","","apps/web/src/screens/Sehir.tsx:547"
t2b606a9d,arayuz,"Kuyruklar{0}","","apps/web/src/screens/Sehir.tsx:542"
t5f435eb1,arayuz,"lider","","apps/web/src/components/IttifakIncele.tsx:103"
t72316f34,arayuz,"LİDER","","apps/web/src/components/IttifakIncele.tsx:103"
t2af63733,arayuz,"lider avı","","apps/web/src/components/DunyaSeridi.tsx:72"
tc1f5208e,arayuz,"lider avı · +%","","apps/web/src/screens/Harita.tsx:1031"
tf8bf69b9,arayuz,"Lider henüz bir hedef işaretlemedi.","","apps/web/src/screens/Ittifak.tsx:294"
t3dd260c6,arayuz,"liderin kararı","","apps/web/src/components/Paktlar.tsx:107"
te10f0d53,arayuz,"Liderlik","","apps/web/src/screens/LordEkrani.tsx:54"
tf43250fa,arayuz,"lord","","apps/web/src/App.tsx:411 | apps/web/src/components/DiyarTanitimi.tsx:85"
t76d9061a,arayuz,"Lord","","apps/api/src/routes/rankings.ts:251 | apps/api/src/routes/ticaret.ts:58 | apps/api/src/services/lord.ts:295 | apps/api/src/services/lord.ts:536 | apps/web/src/components/MobilKabuk.tsx:65"
t1703d35e,arayuz,"Lord adı","","apps/web/src/screens/Giris.tsx:88"
t168134fc,arayuz,"Lord savaş katkısı","","apps/web/src/screens/Generaller.tsx:35 | apps/web/src/screens/LordEkrani.tsx:539"
t10934225,arayuz,"Lord tecrübesi","","apps/web/src/components/SaldiriOnizleme.tsx:117 | apps/web/src/components/SaldiriOnizleme.tsx:159"
ta9d43fd6,arayuz,"lord XP","","apps/web/src/components/IttifakBagis.tsx:128"
tf583c1ab,arayuz,"lord_{0}","","apps/web/src/screens/LordEkrani.tsx:246"
t3f61c37d,arayuz,"lorddan","","apps/web/src/components/DunyaSeridi.tsx:38"
tf479120b,arayuz,"Lordlar Çağı","","apps/api/src/routes/push.ts:82 | apps/web/src/components/MobilKabuk.tsx:273 | apps/web/src/screens/Giris.tsx:61 | apps/web/src/screens/ParolaSifirla.tsx:31"
t084b456e,arayuz,"Lordlara karşı","","apps/web/src/screens/LordEkrani.tsx:559"
tc8f2ac29,arayuz,"Lordun","","apps/web/src/screens/Hesap.tsx:81"
t752657eb,arayuz,"Lordun iyileşiyor","","apps/web/src/components/Omurga.tsx:437"
t906de783,arayuz,"Lordun yaralı","","apps/web/src/screens/Harita.tsx:732 | apps/web/src/screens/LordEkrani.tsx:294"
t3ce76409,arayuz,"Lorduna ekipman kuşan","","apps/web/src/components/Omurga.tsx:633"
t8cc7e97f,arayuz,"M50 4 C78 4 94 14 94 14 V50 C94 78 74 94 50 98 C26 94 6 78 6 50 V14 C6 14 22 4 50 4 Z","","apps/web/src/components/Arma.tsx:18"
te20e742a,arayuz,"M50 4 L94 18 V52 C94 76 74 92 50 98 C26 92 6 76 6 52 V18 Z","","apps/web/src/components/Arma.tsx:17"
t5e4ad454,arayuz,"M50 4 L94 18 V60 L50 98 L6 60 V18 Z","","apps/web/src/components/Arma.tsx:20"
tf539c0f1,arayuz,"M8 6 H92 V78 C92 88 84 94 50 98 C16 94 8 88 8 78 Z","","apps/web/src/components/Arma.tsx:19"
t21b3e1a2,arayuz,"Maden","","apps/web/src/components/HedefSeridi.tsx:20 | apps/web/src/screens/Harita.tsx:62 | apps/web/src/screens/Malikane.tsx:50"
ta5de1ed0,arayuz,"Makas","","apps/web/src/components/SavasRaporu.tsx:409"
t5e6ad961,arayuz,"malikane","","apps/web/src/App.tsx:446 | apps/web/src/screens/Malikane.tsx:113"
t5c2dce44,arayuz,"Malikâne","","apps/web/src/screens/Malikane.tsx:113 | data/binalar.json:binalar[0].ad | packages/shared/src/types.ts:281"
t961f8b59,arayuz,"Mancınık saldırısı","","apps/web/src/screens/Generaller.tsx:34"
te474d5f1,arayuz,"Mancınık tahkimata karşı","","apps/web/src/components/KarsiIpuclari.tsx:76"
t690e7d33,arayuz,"Mancınıklar tahkimata karşı iki katı iş yaptı.","","apps/web/src/components/SavasRaporu.tsx:438"
t635bcf74,arayuz,"max(12px, env(safe-area-inset-bottom))","","apps/web/src/components/Ogretici.tsx:219"
tf7042dec,arayuz,"Mesaj gönderilemedi.","","apps/web/src/components/IttifakSohbet.tsx:43"
t7ff46615,arayuz,"Mesajını gözden geçir ve tekrar dene.","","apps/web/src/components/IttifakSohbet.tsx:107"
t3a8615ed,arayuz,"metropol","","apps/web/src/screens/Sehir.tsx:473"
t05e52e04,arayuz,"Mevcut parola","","apps/web/src/screens/Hesap.tsx:110"
t180f3ffb,arayuz,"Mevcut parolanı gir","","apps/web/src/screens/Hesap.tsx:64"
tacecf5b8,arayuz,"mızrakçı savunması","","apps/web/src/components/SavasRaporu.tsx:226"
t0b8ce3d8,arayuz,"Mızrakçı savunması","","apps/web/src/screens/Generaller.tsx:33"
t8fa4cc21,arayuz,"Miğfer","","apps/web/src/screens/Demirhane.tsx:63 | apps/web/src/screens/LordEkrani.tsx:73"
tb2517ac5,arayuz,"Miktarı ve alıcıyı gözden geçir.","","apps/web/src/components/KaynakGonder.tsx:104"
tb1714ce7,arayuz,"Nadir","","apps/web/src/components/ui.tsx:270"
t81fbdc14,arayuz,"Nadirlik üretim anında rastgele belirlenir.","","apps/web/src/screens/Demirhane.tsx:515"
t9f6b9fa1,arayuz,"Neden Böyle Oldu","","apps/web/src/components/SavasRaporu.tsx:337"
t73ac5603,arayuz,"neredeyse kesin","","apps/web/src/components/SaldiriOnizleme.tsx:44"
t0a59e858,arayuz,"Nitelikler","","apps/web/src/screens/LordEkrani.tsx:371"
t9465a68b,arayuz,"Niteliklere git","","apps/web/src/components/Omurga.tsx:572"
tcadc5e67,arayuz,"noreferrer noopener","","apps/web/src/screens/Giris.tsx:174"
t146a2866,arayuz,"Notification","","apps/web/src/lib/bildirim.ts:50"
t1bd670a0,arayuz,"number","","apps/web/src/screens/Sehir.tsx:76"
t92152373,arayuz,"Ocak, örs ve kuşandıkların","","apps/web/src/screens/Demirhane.tsx:403"
tbe3f1e16,arayuz,"Ok, kimin kimi kırdığını gösterir — her eşleşmede ×","","apps/web/src/components/KarsiCemberi.tsx:105"
t5fbae299,arayuz,"okçu saldırısı","","apps/web/src/components/SavasRaporu.tsx:224"
t87c56eb9,arayuz,"Okçu saldırısı","","apps/web/src/screens/Generaller.tsx:32"
tf2f98327,arayuz,"olabilir.","","apps/web/src/screens/Sehir.tsx:472"
tfbfb89a6,arayuz,"olacaksın.","","apps/web/src/screens/LordEkrani.tsx:349"
t76b2da24,arayuz,"olay","","apps/web/src/screens/LordEkrani.tsx:95"
t38e7530f,arayuz,"Olay Akışı{0}","","apps/web/src/screens/Olaylar.tsx:76"
td5698e6b,arayuz,"olaylar","","apps/web/src/App.tsx:429 | apps/web/src/screens/Olaylar.tsx:73"
tad5a2d0b,arayuz,"Olaylar","","apps/web/src/screens/Olaylar.tsx:73 | packages/shared/src/types.ts:287"
t5833840b,arayuz,"OLAYLAR","","apps/web/src/screens/Malikane.tsx:244"
te654b315,arayuz,"oldu.","","apps/web/src/screens/LordEkrani.tsx:102"
t2501e7b1,arayuz,"olur, ödül de büyür.","","apps/web/src/components/GunlukKart.tsx:143"
t19b08c4e,arayuz,"Onay","","apps/web/src/screens/Hesap.tsx:167"
t280ff98c,arayuz,"Onay metnini yaz","","apps/web/src/screens/Hesap.tsx:73"
tdf1a404f,arayuz,"ordu","","apps/web/src/components/Ogretici.tsx:189"
t5f468c6f,arayuz,"Ordu","","apps/web/src/components/MobilKabuk.tsx:62 | data/arastirma.json:dallar[1].ad | data/basarimlar.json:kumeler[2].ad"
t4b0ee05d,arayuz,"Ordu ","","apps/web/src/screens/Demirhane.tsx:623"
t69018649,arayuz,"Ordu bakım maliyeti","","apps/web/src/screens/Generaller.tsx:38"
tbd6d2ee4,arayuz,"ordu canı","","apps/web/src/components/SavasRaporu.tsx:222"
t9ee840a2,arayuz,"Ordu donanımı","","apps/web/src/screens/LordEkrani.tsx:541 | apps/web/src/screens/Sehir.tsx:62"
tb1ed25c1,arayuz,"Ordu kaybın","","apps/web/src/components/SaldiriOnizleme.tsx:173"
t24c31ea1,arayuz,"ordu saldırısı","","apps/web/src/components/SavasRaporu.tsx:220"
t125c7b41,arayuz,"Ordu saldırısı","","apps/web/src/screens/Generaller.tsx:29"
t95fa83e4,arayuz,"ordu savunması","","apps/web/src/components/SavasRaporu.tsx:221"
t8c923984,arayuz,"Ordu savunması","","apps/web/src/screens/Generaller.tsx:30"
tfe40d1af,arayuz,"Ordu seçmedin","","apps/web/src/screens/Harita.tsx:754"
tb51bd036,arayuz,"Ordu yola çıktı. Varış {0} sonra.","","apps/web/src/screens/Harita.tsx:794"
t7b119d9d,arayuz,"Ordun {0} yolunda","","apps/web/src/components/DunyaHaritasi.tsx:408"
t2dd46a4d,arayuz,"Ordun aç","","apps/web/src/components/Omurga.tsx:383 | apps/web/src/screens/LordEkrani.tsx:282"
t9ac4fffa,arayuz,"Ordun ayakta. Önce bir düşman kampına in: kaybetsen bile toprağın gitmez, ","","apps/web/src/components/Omurga.tsx:539"
td35bcc13,arayuz,"Ordun döndüğünde, kuyruğun bittiğinde ve toprağına saldırıldığında haberin olsun. Bildirim yalnız bu cihaza gelir; istediğin zaman kapatabilirsin.","","apps/web/src/components/BildirimKarti.tsx:68"
t8acaa615,arayuz,"Ordun dönüyor","","apps/web/src/components/Omurga.tsx:480"
t320993d2,arayuz,"Ordun henüz yetmiyor.","","apps/web/src/components/Omurga.tsx:299"
t99fe05c3,arayuz,"Ordun kampa iniyor. Dönünce ganimeti ve raporu görürsün.","","apps/web/src/components/Omurga.tsx:506"
tfa58b931,arayuz,"Ordun sahada. Döndüğünde bu bölgeye yollayabilirsin.","","apps/web/src/screens/Harita.tsx:228"
tec21ead2,arayuz,"Ordun sahada. Döndüğünde buradan akına çıkabilirsin.","","apps/web/src/screens/Akin.tsx:610"
t437a0412,arayuz,"ordun yetiyor","","apps/web/src/components/HedefSeridi.tsx:86"
te695b1e4,arayuz,"Ordun yetiyor. Bölge senin olunca kazanacakların:","","apps/web/src/components/Omurga.tsx:611"
tb34abcf2,arayuz,"Ordun yok","","apps/web/src/components/OrduSahnesi.tsx:189"
t0b0cefdc,arayuz,"Ordun yolda","","apps/web/src/components/Omurga.tsx:480 | apps/web/src/components/SaldiriOnizleme.tsx:186"
t77c935a8,arayuz,"Ordun yolda. Döndüğünde bu farkın savaşa nasıl yansıdığını saldırı önizlemesinde göreceksin.","","apps/web/src/screens/Demirhane.tsx:169"
t1b13dd67,arayuz,"Ordun: {0}/{1} komuta yeri dolu","","apps/web/src/components/OrduSahnesi.tsx:151"
te65b1599,arayuz,"Ordunu burada büyütürsün","","apps/web/src/screens/Kisla.tsx:370"
td1115723,arayuz,"Ordunu büyüt","","apps/web/src/components/Omurga.tsx:580 | packages/shared/src/gunluk.ts:59"
te71ea72c,arayuz,"Ordunu kur","","apps/web/src/components/Omurga.tsx:293 | apps/web/src/components/Omurga.tsx:580 | packages/shared/src/rehber.ts:171"
te801c243,arayuz,"Ordunu ne için kuruyorsun","","apps/web/src/screens/Kisla.tsx:391"
tcdac426c,arayuz,"Ordunu ve ittifak durumunu gözden geçir.","","apps/web/src/screens/Harita.tsx:386"
t5db509a2,arayuz,"Ordunun Dağılımı","","apps/web/src/screens/Kisla.tsx:455"
t5d7d275e,arayuz,"Ortak hedef","","apps/web/src/screens/Ittifak.tsx:279"
t108c4ae6,arayuz,"Ortak hedef bir tanedir; işaretlemek öncekini değiştirir.","","apps/web/src/screens/Harita.tsx:444"
t07113420,arayuz,"Oturum açılamadı. Tekrar giriş yapman gerekiyor.","","apps/web/src/App.tsx:313"
t5d44ffda,arayuz,"Oyunun ne olduğunu, nasıl savaşıldığını ve seni koruyan kuralları baştan okumak istersen öğreticiyi tekrar açabilirsin.","","apps/web/src/screens/Hesap.tsx:94"
t9bf3ffd3,arayuz,"ÖDÜL HAZIR","","apps/web/src/components/GorevOzeti.tsx:72"
t076e3c6e,arayuz,"Ödülü al","","apps/web/src/components/GunlukKart.tsx:154"
t09015f38,arayuz,"Öğretici","","apps/web/src/components/Ogretici.tsx:129 | apps/web/src/screens/Hesap.tsx:91"
t47d30263,arayuz,"Öğreticiyi geç","","apps/web/src/components/Ogretici.tsx:145"
t82bf646a,arayuz,"Öğreticiyi tekrar oku","","apps/web/src/screens/Hesap.tsx:103"
t96de5998,arayuz,"ÖN HAT","","apps/web/src/components/DizilimIzgarasi.tsx:51"
t316fd603,arayuz,"Önce e-posta adresini yaz.","","apps/web/src/screens/Giris.tsx:155"
tae2b3eb1,arayuz,"Önerilen düzen","","apps/web/src/components/DizilimIzgarasi.tsx:242"
t2249b0d8,arayuz,"önünde püskürtüldü","","apps/web/src/components/DunyaSeridi.tsx:117"
tc96d4525,arayuz,"Örn. Günde 5 bağış yapın, cuma akşamı ortak hedefe gidiyoruz.","","apps/web/src/components/IttifakDuyuru.tsx:74"
t5a5eb374,arayuz,"Örn. uygunsuz lord adı","","apps/web/src/screens/Siralama.tsx:309"
td00d71ef,arayuz,"öü","","apps/web/src/components/ekler.ts:49"
t5fa69971,arayuz,"Pakt hakkı","","apps/web/src/components/IttifakBagis.tsx:29"
t5153a61e,arayuz,"Pakt iki tarafın da onayıyla kurulur. Feshetmek anında değil:","","apps/web/src/components/Paktlar.tsx:161"
t126097e7,arayuz,"Pakt kotan dolu ({0})","","apps/web/src/components/Paktlar.tsx:167"
t0dcae114,arayuz,"Pakt teklif edilecek ittifak","","apps/web/src/components/Paktlar.tsx:178"
tc4da7761,arayuz,"Pakt teklif et","","apps/web/src/components/Paktlar.tsx:192"
t00c989a7,arayuz,"parça)","","apps/web/src/screens/Demirhane.tsx:537"
t1e55263e,arayuz,"Parola","","apps/web/src/screens/Giris.tsx:109"
tb796121d,arayuz,"Parola Değiştir","","apps/web/src/screens/Hesap.tsx:108"
t0cb4198c,arayuz,"Parola değiştirilemedi.","","apps/web/src/screens/Hesap.tsx:44"
t4369fb1e,arayuz,"Parola sıfırlanamadı.","","apps/web/src/screens/ParolaSifirla.tsx:25"
t4ced05c4,arayuz,"parola, öğretici, çıkış","","apps/web/src/screens/LordEkrani.tsx:588"
t53526980,arayuz,"Parolamı unuttum","","apps/web/src/screens/Giris.tsx:136"
t100b4ff0,arayuz,"Parolan","","apps/web/src/screens/Hesap.tsx:158"
t349238d8,arayuz,"Parolan değişti. Artık yeni parolanla giriş yapabilirsin.","","apps/web/src/screens/ParolaSifirla.tsx:38"
t8bd469f4,arayuz,"Parolan değişti. Diğer cihazlarda yeniden giriş yapman gerekebilir.","","apps/web/src/screens/Hesap.tsx:38"
ta02569d1,arayuz,"Parolanı gir","","apps/web/src/screens/Hesap.tsx:71"
tbb5ecdaf,arayuz,"Parolayı belirle","","apps/web/src/screens/ParolaSifirla.tsx:62"
tfdaff1f3,arayuz,"Parolayı değiştir","","apps/web/src/screens/Hesap.tsx:135"
t794028aa,arayuz,"parti)","","apps/web/src/screens/Kisla.tsx:270"
tbc71d6a3,arayuz,"Pazar","","apps/web/src/components/Pazar.tsx:100 | data/binalar.json:binalar[5].ad"
t8d821289,arayuz,"PUAN","","apps/web/src/screens/LordEkrani.tsx:374"
tada147bf,arayuz,"Puan dağıtımı kalıcıdır. Liderlik ordunun büyüklüğünü ve general slotunu belirler.","","apps/web/src/screens/LordEkrani.tsx:451"
t5792870d,arayuz,"puanda bir slot açar (en fazla","","apps/web/src/screens/Generaller.tsx:218"
t5d6a99b4,arayuz,"PushManager","","apps/web/src/lib/bildirim.ts:50"
t8aa587ec,arayuz,"PvP derecesi. Bölgesiz bir lord da birinci olabilir.","","apps/web/src/screens/Siralama.tsx:31"
t57a1844e,arayuz,"Rapor açılamadı.","","apps/web/src/components/SavasRaporu.tsx:521"
t0808f810,arayuz,"RAPORU AÇ","","apps/web/src/screens/Olaylar.tsx:118"
t7866edab,arayuz,"reddedildi","","apps/web/src/components/BildirimKarti.tsx:80 | apps/web/src/components/BildirimKarti.tsx:87"
t03619c19,arayuz,"Reddet","","apps/web/src/components/IttifakBasvurular.tsx:172 | apps/web/src/components/Paktlar.tsx:103"
t22443216,arayuz,"renk1","","apps/web/src/components/ArmaSecici.tsx:147"
tecdde29f,arayuz,"repeat({0}, minmax(0, 1fr))","","apps/web/src/components/DizilimIzgarasi.tsx:307"
t50ab46f6,arayuz,"RÜTBEYİ AL","","apps/web/src/screens/Ittifak.tsx:106"
tbc16bcd4,arayuz,"saat","","apps/web/src/components/Paktlar.tsx:162"
tba0e057a,arayuz,"saat sürer.","","apps/web/src/screens/Harita.tsx:1057"
t9cb2e0a2,arayuz,"Saatlik {0}","","apps/web/src/components/SavasRaporu.tsx:100 | apps/web/src/screens/Harita.tsx:1112"
tb7be14e2,arayuz,"Saatlik şöhret","","apps/web/src/screens/Harita.tsx:1120"
t32bbc8e5,arayuz,"saatte %5 firar","","apps/web/src/components/Omurga.tsx:387"
tbebb3ab2,arayuz,"saatte +","","apps/web/src/components/SaldiriOnizleme.tsx:127 | apps/web/src/components/SaldiriOnizleme.tsx:134"
t4197b301,arayuz,"Sahada general yok. Kiraladığın bir generali slota yerleştir.","","apps/web/src/screens/Generaller.tsx:195"
tde5de59c,arayuz,"Sahadaki akınlar · {0}/{1}","","apps/web/src/screens/Akin.tsx:113"
tf223dd3f,arayuz,"Sahadaki Generaller · {0}/{1}","","apps/web/src/screens/Generaller.tsx:191"
tbf39f844,arayuz,"sahipsiz","","apps/web/src/screens/Harita.tsx:869"
t39eb2036,arayuz,"Saldır","","apps/web/src/screens/Harita.tsx:1304"
t9f872c01,arayuz,"Saldıran","","apps/web/src/components/SavasRaporu.tsx:567"
t87d8df09,arayuz,"SALDIRAN","","apps/web/src/components/SavasRaporu.tsx:512 | apps/web/src/components/SavasRaporu.tsx:548"
ta4a08165,arayuz,"saldırı","","apps/web/src/screens/LordEkrani.tsx:326 | data/seferler.json:seferler[0].birim"
t3424fe05,arayuz,"Saldırı","","apps/web/src/screens/Harita.tsx:914 | apps/web/src/screens/Kisla.tsx:290"
tccf92bf8,arayuz,"saldırı ·","","apps/web/src/components/DizilimIzgarasi.tsx:372"
tc5bd00f2,arayuz,"Saldırı +%{0} · ","","apps/web/src/screens/LordEkrani.tsx:542"
t293989d5,arayuz,"Saldırı başlatılamadı.","","apps/web/src/screens/Harita.tsx:801"
t09fe9781,arayuz,"Saldırı ordusu","","apps/web/src/screens/Harita.tsx:1257"
ta2a5ac5e,arayuz,"saldırında kaybın değişmiyor (","","apps/web/src/screens/Demirhane.tsx:152"
tc79e6213,arayuz,"Saldırmadan önce garnizonu ve depoyu öğren. Casus ordu götürmez.","","apps/web/src/screens/Harita.tsx:532"
t7b0a257c,arayuz,"Saldırmazlık Paktları","","apps/web/src/components/Paktlar.tsx:74"
tf6204bac,arayuz,"Sana maliyeti","","apps/web/src/components/SaldiriOnizleme.tsx:99"
t9262f727,arayuz,"Sana saldırıldığında ordun bu düzende savaşacak.","","apps/web/src/components/SavunmaDuzeni.tsx:63"
tb020f396,arayuz,"Sancak","","apps/web/src/screens/Demirhane.tsx:65 | apps/web/src/screens/LordEkrani.tsx:75"
t38a72a77,arayuz,"Sat","","apps/web/src/screens/Demirhane.tsx:293"
tcd3f9e91,arayuz,"savaş","","apps/web/src/screens/LordEkrani.tsx:99"
ta64065bd,arayuz,"Savaş derecen","","apps/web/src/screens/LordEkrani.tsx:560"
t951ee66f,arayuz,"Savaş Gücü","","apps/web/src/screens/LordEkrani.tsx:529"
tc54d661e,arayuz,"Savaş katkısı +{0}","","apps/web/src/screens/LordEkrani.tsx:48"
t39307ca4,arayuz,"Savaş kazanıldı ama güç payı","","apps/web/src/components/SavasRaporu.tsx:397"
tbbc85c89,arayuz,"Savaş meclisin","","apps/web/src/screens/Generaller.tsx:190"
t271491e0,arayuz,"Savaş raporlarını aşağıdaki olay akışından açabilirsin.","","apps/web/src/screens/LordEkrani.tsx:106"
t1f9d183e,arayuz,"Savaş Raporu","","apps/web/src/components/SavasRaporu.tsx:489"
tbfc25419,arayuz,"Savaş raporunu aç","","apps/web/src/screens/Olaylar.tsx:115"
t88e6ed97,arayuz,"Savaşa kattığın güç","","apps/web/src/screens/Demirhane.tsx:130"
t3c0be84d,arayuz,"Savaşı kazanırsın ama","","apps/web/src/components/SaldiriOnizleme.tsx:109"
t2646e16c,arayuz,"Savaştaki etkisini görmek için önce bir ordu kur — ekipman gücü orduyla birlikte iş görür.","","apps/web/src/screens/Demirhane.tsx:167"
t727bfcd5,arayuz,"savunan","","apps/web/src/components/HedefSeridi.tsx:100 | apps/web/src/components/Omurga.tsx:569"
tcf63e975,arayuz,"Savunan","","apps/web/src/components/SavasRaporu.tsx:572"
tf48cad35,arayuz,"SAVUNAN","","apps/web/src/components/SavasRaporu.tsx:512 | apps/web/src/components/SavasRaporu.tsx:556"
t7b988d14,arayuz,"savunma","","apps/web/src/components/DizilimIzgarasi.tsx:372"
td8820cb4,arayuz,"Savunma","","apps/web/src/screens/Kisla.tsx:291"
t8c7b20f1,arayuz,"Savunma +%{0} · ","","apps/web/src/screens/LordEkrani.tsx:543"
t739f8573,arayuz,"Savunma dizilimi","","apps/web/src/components/SavunmaDuzeni.tsx:80"
t4ea614b8,arayuz,"Savunma Düzeni","","apps/web/src/components/SavunmaDuzeni.tsx:58"
t8724af57,arayuz,"Savunma düzenini kaydet","","apps/web/src/components/SavunmaDuzeni.tsx:97"
tbbd86850,arayuz,"savunmada ordu savunması","","apps/web/src/components/SavasRaporu.tsx:223"
ta12ca570,arayuz,"Savunmada ordu savunması","","apps/web/src/screens/Generaller.tsx:31"
t79b00022,arayuz,"Savunmanın omurgası. Süvariye karşı ×1,5.","","apps/web/src/screens/Kisla.tsx:57"
t000a6979,arayuz,"Sayfayı yenile","","apps/web/src/components/HataSiniri.tsx:57"
tc1bd22d0,arayuz,"Sebep","","apps/web/src/screens/Siralama.tsx:305"
t71db8912,arayuz,"sefer","","apps/web/src/components/GorevOzeti.tsx:67"
t0dcc9ed8,arayuz,"Sefer ödülü","","apps/web/src/components/SeferKart.tsx:59"
ta6b14d03,arayuz,"Sefer ödülünü al","","apps/web/src/components/SeferKart.tsx:94"
tbc247398,arayuz,"sehir","","apps/web/src/App.tsx:376"
t7115f0ed,arayuz,"Sembol","","apps/web/src/components/ArmaSecici.tsx:169"
tbfca2c2e,arayuz,"Sen yokken","","apps/web/src/screens/LordEkrani.tsx:92"
t46e6f684,arayuz,"Sende ne değişti","","apps/web/src/components/SavasRaporu.tsx:63 | apps/web/src/components/SavasRaporu.tsx:73"
tcef5c072,arayuz,"senin","","apps/web/src/screens/Harita.tsx:862 | apps/web/src/screens/Harita.tsx:970"
tf3b32dff,arayuz,"Senin sıran","","apps/web/src/screens/Siralama.tsx:270"
t502b5051,arayuz,"seri ×","","apps/web/src/components/GunlukKart.tsx:133"
t041d191a,arayuz,"Seviye","","apps/web/src/screens/Demirhane.tsx:645"
t006925f6,arayuz,"Seviye {0} / {1}","","apps/web/src/screens/Sehir.tsx:885"
tc15fa5ea,arayuz,"Seviye {0} yap","","apps/web/src/screens/Sehir.tsx:937"
t7e801fb8,arayuz,"Seviye atladı: Sv","","apps/web/src/components/SavasRaporu.tsx:276"
tf24fa65f,arayuz,"Seviye atladın:","","apps/web/src/components/SavasRaporu.tsx:109"
tee50015f,arayuz,"Seviye savaş gücüne ve gelire dokunmaz — yalnız birlikte oynamayı kolaylaştırır.","","apps/web/src/components/IttifakBagis.tsx:165"
te0d104c6,arayuz,"Seviye yükseltmek için buradan seç: haritadaki dokunuş yapının içine giriyor.","","apps/web/src/screens/Sehir.tsx:575"
t2e677d3f,arayuz,"SEVİYENİN GETİRDİKLERİ","","apps/web/src/components/IttifakBagis.tsx:147"
t4cf27c11,arayuz,"Sıfırla","","apps/web/src/screens/LordEkrani.tsx:446"
t481ea9d9,arayuz,"Sıfırlama bağlantısı gönder","","apps/web/src/screens/Giris.tsx:152"
tee25d0bd,arayuz,"Sıradaki hedef","","apps/web/src/components/HedefSeridi.tsx:52"
t2301a99e,arayuz,"Sıradaki hedefin {0}.","","apps/web/src/components/Omurga.tsx:737"
t6652a5fb,arayuz,"Sıradan","","apps/web/src/components/ui.tsx:258"
t3daaae35,arayuz,"Sıralama","","apps/web/src/screens/Siralama.tsx:190 | packages/shared/src/types.ts:288"
t7b72734e,arayuz,"Silah","","apps/web/src/screens/Demirhane.tsx:60 | apps/web/src/screens/LordEkrani.tsx:70"
tfe650c0b,arayuz,"Siliniyor…","","apps/web/src/screens/Hesap.tsx:196"
t51f40fea,arayuz,"Silme işlemini doğrulamak için gerekiyor.","","apps/web/src/screens/Hesap.tsx:71"
t05e4389d,arayuz,"siralama","","apps/web/src/App.tsx:489 | apps/web/src/screens/Siralama.tsx:189"
tf0c19391,arayuz,"Slot","","apps/web/src/screens/Generaller.tsx:136"
tae7f3bd1,arayuz,"slot boş","","apps/web/src/screens/Demirhane.tsx:262"
t95a7a9a6,arayuz,"Slotun","","apps/web/src/screens/Generaller.tsx:218"
tee7dd394,arayuz,"sohbet","","apps/web/src/screens/Ittifak.tsx:396"
t1b462bb4,arayuz,"Sohbet","","apps/web/src/screens/Ittifak.tsx:224"
t66ed0f01,arayuz,"Son akınlar","","apps/web/src/screens/Akin.tsx:176"
tb6f8487e,arayuz,"sonra","","apps/web/src/screens/LordEkrani.tsx:349"
tb0e7e0a7,arayuz,"sonra sona eriyor. O ana kadar iki taraf da saldıramaz.","","apps/web/src/components/Paktlar.tsx:131"
t4cd9c30c,arayuz,"sonra:","","apps/web/src/components/Omurga.tsx:272"
t4f98c945,arayuz,"sonra: sıradaki adım","","apps/web/src/components/Omurga.tsx:310"
t98b88a6d,arayuz,"SONRAKİ","","apps/web/src/screens/Malikane.tsx:231"
t874aeac4,arayuz,"Sonuç hesaplanıyor…","","apps/web/src/screens/Harita.tsx:1277"
t17c16538,arayuz,"string","","apps/web/src/screens/Malikane.tsx:246 | apps/web/src/screens/Olaylar.tsx:97"
tb27f170d,arayuz,"Sunucu uykudan uyanıyor olabilir. Bu ilk açılışta 30–60 saniye sürebilir.","","apps/web/src/App.tsx:329"
t0a0f8af7,arayuz,"Sunucuya ulaşılamıyor. Uykudaki sunucu uyanıyor olabilir, bu 30–60 saniye sürebilir.","","apps/web/src/components/BaglantiDurumu.tsx:42"
tcf24897a,arayuz,"surlu","","apps/web/src/screens/Harita.tsx:881"
t2453a2e0,arayuz,"süvari saldırısı","","apps/web/src/components/SavasRaporu.tsx:225"
t49026d3c,arayuz,"Sv","","apps/web/src/components/IttifakBasvurular.tsx:149 | apps/web/src/components/IttifakIncele.tsx:104 | apps/web/src/components/IttifakIncele.tsx:69 | apps/web/src/components/MobilKabuk.tsx:211 | apps/web/src/components/SavasRaporu.tsx:265 | apps/web/src/screens/Akin.tsx:331 | apps/web/src/screens/Generaller.tsx:104 | apps/web/src/screens/Generaller.tsx:115 | apps/web/src/screens/Generaller.tsx:204 | apps/web/src/screens/Ittifak.tsx:440 | apps/web/src/screens/Ittifak.tsx:77 | apps/web/src/screens/LordEkrani.tsx:323 | apps/web/src/screens/Sehir.tsx:599 | apps/web/src/screens/Siralama.tsx:126"
tc15d3f3e,arayuz,"Sv {0}","","apps/web/src/components/IttifakBasvurular.tsx:107"
tb95fd396,arayuz,"Sv{0}","","apps/web/src/screens/Demirhane.tsx:456"
t9febed47,arayuz,"Sv12, aktifim, gece oynuyorum.","","apps/web/src/components/IttifakIncele.tsx:147"
t42caad7e,arayuz,"ŞEF","","apps/web/src/screens/Akin.tsx:541"
t8a5a4437,arayuz,"Şehir","","apps/web/src/components/HedefSeridi.tsx:21 | apps/web/src/components/MobilKabuk.tsx:61 | apps/web/src/screens/Harita.tsx:63 | apps/web/src/screens/Malikane.tsx:54 | packages/shared/src/bina.ts:59"
tf754cde2,arayuz,"şikâyet","","apps/web/src/screens/Siralama.tsx:301"
t20bb9d55,arayuz,"Şikâyet edilen lorda otomatik bir ceza verilmez; kayıt insan tarafından incelenir.","","apps/web/src/screens/Siralama.tsx:303"
tfefb225a,arayuz,"Şikâyet et","","apps/web/src/screens/Siralama.tsx:322 | apps/web/src/screens/Siralama.tsx:97"
tc5837606,arayuz,"Şikâyet gönderilemedi.","","apps/web/src/screens/Siralama.tsx:161"
tb1ff536a,arayuz,"Şikâyetin alındı. İnceleyeceğiz.","","apps/web/src/screens/Siralama.tsx:159"
t75144a38,arayuz,"ŞİMDİ / SONRAKİ SEVİYEDE","","apps/web/src/components/IttifakBagis.tsx:147"
t6ca53e00,arayuz,"Şimdi ne yapmalısın","","apps/web/src/components/Omurga.tsx:254 | apps/web/src/components/Omurga.tsx:289"
t6ef56307,arayuz,"şöhret","","apps/web/src/components/DiyarTanitimi.tsx:96 | apps/web/src/components/IttifakIncele.tsx:73 | apps/web/src/components/Omurga.tsx:740 | apps/web/src/screens/LordEkrani.tsx:347"
tb961283e,arayuz,"Şöhret","","apps/web/src/screens/Siralama.tsx:18 | packages/shared/src/ogretici.ts:201"
t00dd7131,arayuz,"şöhret bonusu alır, bölge limitine sayılmaz. Buraya saldırmak günlük hakkından düşmez ve el değiştirdikten sonra kalkanı yalnızca","","apps/web/src/screens/Harita.tsx:1055"
t73998c3c,arayuz,"Şöhret sıralaman","","apps/web/src/components/SaldiriOnizleme.tsx:141 | apps/web/src/components/SavasRaporu.tsx:77"
t3974a602,arayuz,"Şöhret üretimi","","apps/web/src/components/SaldiriOnizleme.tsx:132"
t36c07401,arayuz,"Şöhretin","","apps/web/src/components/SaldiriOnizleme.tsx:138 | apps/web/src/components/SavasRaporu.tsx:74 | apps/web/src/screens/Demirhane.tsx:133"
te63d6528,arayuz,"şu an","","apps/web/src/components/Omurga.tsx:637"
teb231933,arayuz,"Şu an","","apps/web/src/components/DiyarTanitimi.tsx:103"
t7f1c341e,arayuz,"Şu an isteyen herkes doğrudan katılabiliyor.","","apps/web/src/components/IttifakBasvurular.tsx:76"
td86ffea1,arayuz,"Şu an yalnız onayladığın lordlar katılıyor.","","apps/web/src/components/IttifakBasvurular.tsx:77"
t3e811117,arayuz,"Şu anki tavanın {0} — bu araştırma {1} ekler.","","apps/web/src/screens/Arastirma.tsx:38"
td10c0b43,arayuz,"T","","apps/web/src/screens/Akin.tsx:243 | apps/web/src/screens/Demirhane.tsx:233 | apps/web/src/screens/Demirhane.tsx:242 | apps/web/src/screens/Demirhane.tsx:449 | apps/web/src/screens/LordEkrani.tsx:507 | apps/web/src/screens/LordEkrani.tsx:519"
t5170099f,arayuz,"T{0} {1} üret","","apps/web/src/screens/Demirhane.tsx:525"
t462d10b0,arayuz,"tahkimat +%","","apps/web/src/screens/Harita.tsx:1036"
t644e2cdf,arayuz,"Tahkimat olmadığı için mancınıklar canlı orduya","","apps/web/src/components/SavasRaporu.tsx:442"
te9b9ec08,arayuz,"Tahkimat yok — mancınık canlı orduya","","apps/web/src/components/KarsiIpuclari.tsx:86"
tb613db6a,arayuz,"Tahkimat:","","apps/web/src/screens/Harita.tsx:518"
tba74bf4e,arayuz,"Tahkimatın savunmaya","","apps/web/src/components/SavasRaporu.tsx:421"
tebef06ac,arayuz,"Tahmin:","","apps/web/src/components/SaldiriOnizleme.tsx:73"
tea717a9b,arayuz,"Tahmini kayıp:","","apps/web/src/screens/Akin.tsx:638"
t0937605a,arayuz,"taht","","apps/web/src/screens/Harita.tsx:1050 | apps/web/src/screens/Harita.tsx:1224 | apps/web/src/screens/Harita.tsx:980"
t1319ad6a,arayuz,"taht boş","","apps/web/src/screens/Harita.tsx:982"
tdb506b31,arayuz,"Taht Kalesi","","apps/web/src/components/HedefSeridi.tsx:23 | apps/web/src/screens/Harita.tsx:1052 | apps/web/src/screens/Harita.tsx:65 | apps/web/src/screens/Malikane.tsx:56 | data/world-map.json:regions[0].name | packages/shared/src/ogretici.ts:157"
t6257ef57,arayuz,"Taht Kalesi — diyarın tek sahibi olabilirsin","","apps/web/src/components/Omurga.tsx:748"
t7f1d33d3,arayuz,"Taht Kalesi haritada altın çerçeveyle işaretli.","","apps/web/src/components/DiyarTanitimi.tsx:111"
ta429b494,arayuz,"Taht Kalesi haritada işaretli.","","apps/web/src/components/DiyarTanitimi.tsx:146"
tfdb3f0a7,arayuz,"taht sahipsiz","","apps/web/src/components/DunyaSeridi.tsx:49"
tf4ea0a0b,arayuz,"Tahtı tutan","","apps/web/src/components/DiyarTanitimi.tsx:93"
t54668018,arayuz,"Takas ediliyor…","","apps/web/src/components/Pazar.tsx:185"
t725359e0,arayuz,"Takas et","","apps/web/src/components/Pazar.tsx:185"
tedbadbc0,arayuz,"Takas yapılamadı.","","apps/web/src/components/Pazar.tsx:76"
t655690a1,arayuz,"Taktik","","apps/web/src/components/DizilimIzgarasi.tsx:389"
tfe6108b0,arayuz,"Takviye","","apps/web/src/screens/Harita.tsx:347"
t8d452854,arayuz,"Takviye gönder ({0} birim)","","apps/web/src/screens/Harita.tsx:381"
t0e0c4fc6,arayuz,"Takviye hızı","","apps/web/src/components/IttifakBagis.tsx:27"
tbe467966,arayuz,"Takviyeyi geri çek","","apps/web/src/screens/Harita.tsx:362"
tdc01c291,arayuz,"tamamlandı","","apps/web/src/screens/Arastirma.tsx:164"
t17d6131d,arayuz,"Tarayıcı bildirimleri engelliyor. Adres çubuğundaki kilit simgesinden ","","apps/web/src/components/BildirimKarti.tsx:54"
t376a3caf,arayuz,"tarihine kadar dinleniyor.","","apps/web/src/screens/Generaller.tsx:123"
tc3531f23,arayuz,"Tarla","","apps/web/src/components/HedefSeridi.tsx:19 | apps/web/src/screens/Harita.tsx:61 | apps/web/src/screens/Malikane.tsx:49"
t3c819dd0,arayuz,"Taşın","","apps/web/src/screens/Sehir.tsx:528"
tf3733180,arayuz,"taze · {0} önce","","apps/web/src/screens/Harita.tsx:500"
t82fd453f,arayuz,"Tecrübeli","","apps/web/src/screens/LordEkrani.tsx:129"
t215646a3,arayuz,"tek araştırma","","apps/web/src/screens/Arastirma.tsx:103"
tab91fc48,arayuz,"Tek başına oynamak zorunda değilsin. İttifak üyeleri birbirine saldıramaz.","","apps/web/src/screens/Ittifak.tsx:329"
ta911b47f,arayuz,"Teklif edilebilecek başka ittifak yok.","","apps/web/src/components/Paktlar.tsx:171"
t6140f977,arayuz,"Teknik ayrıntı","","apps/web/src/components/HataSiniri.tsx:47"
t247ed08a,arayuz,"Toplam","","apps/web/src/components/SavasRaporu.tsx:617"
tf097e35c,arayuz,"toplam şöhret","","apps/web/src/screens/Ittifak.tsx:249"
tbd670cd2,arayuz,"toprağın güvende","","apps/web/src/components/Omurga.tsx:509"
ta971096d,arayuz,"toprak riski yok","","apps/web/src/components/Omurga.tsx:546"
tde533a1f,arayuz,"Topraklarım{0}","","apps/web/src/screens/Malikane.tsx:157"
ta128d7b0,arayuz,"tur","","apps/web/src/components/SavasRaporu.tsx:539"
t236582d0,arayuz,"TUR","","apps/web/src/components/SavasRaporu.tsx:129"
t872c5a76,arayuz,"Tur Tur Güç ·","","apps/web/src/components/SavasRaporu.tsx:539"
t384944ca,arayuz,"ucuz","","apps/web/src/components/IttifakIncele.tsx:90"
t0468e99c,arayuz,"Ucuz et kalkanı. Kayıpları önce o üstlenir.","","apps/web/src/screens/Kisla.tsx:56"
tbeb2b0c2,arayuz,"Ucuz hasar. Mızrakçıya karşı ×1,5.","","apps/web/src/screens/Kisla.tsx:58"
t43a46b15,arayuz,"uretim","","apps/web/src/screens/Demirhane.tsx:426"
ta077015d,arayuz,"Usta işi","","apps/web/src/components/ui.tsx:264 | apps/web/src/screens/LordEkrani.tsx:129"
t3ba0a36a,arayuz,"uye","","apps/web/src/components/IttifakIncele.tsx:103 | apps/web/src/screens/Ittifak.tsx:70"
t9a9e52c9,arayuz,"Uzaklaştır","","apps/web/src/components/DunyaHaritasi.tsx:751"
tf29dea21,arayuz,"uzaktaydın. Bu sürede","","apps/web/src/screens/LordEkrani.tsx:94"
t34326fe0,arayuz,"Üç görevi de bitirince alınır (","","apps/web/src/components/GunlukKart.tsx:164"
tf82e7a3d,arayuz,"ÜÇÜNCÜ","","apps/web/src/components/DizilimIzgarasi.tsx:53"
t4101d7cc,arayuz,"Üretim","","apps/web/src/screens/Demirhane.tsx:397 | apps/web/src/screens/Demirhane.tsx:416"
tffcd21fa,arayuz,"üretim hızı","","apps/web/src/components/SavasRaporu.tsx:231"
tced6f4a7,arayuz,"Üretimde","","apps/web/src/screens/Demirhane.tsx:534"
t049fb4cf,arayuz,"üst üste giriyorsun.","","apps/web/src/components/GunlukKart.tsx:88"
tf2c62d23,arayuz,"Üstteki çubuk saldıran, alttaki savunan.","","apps/web/src/components/SavasRaporu.tsx:543"
t8b97a7b9,arayuz,"üye","","apps/web/src/components/IttifakIncele.tsx:71 | apps/web/src/components/Paktlar.tsx:183 | apps/web/src/screens/Ittifak.tsx:242"
t1d43f904,arayuz,"üye ·","","apps/web/src/screens/Siralama.tsx:133"
t911d6f24,arayuz,"Üyeler","","apps/web/src/components/IttifakIncele.tsx:95"
t58bbe7c6,arayuz,"Üyelerin şöhret toplamı. Lord sıralamasıyla aynı ölçü.","","apps/web/src/screens/Siralama.tsx:37"
t5ad62e9f,arayuz,"Vazgeç","","apps/web/src/components/IttifakDuyuru.tsx:83 | apps/web/src/screens/Hesap.tsx:188 | apps/web/src/screens/Siralama.tsx:315"
teacb0314,arayuz,"Vazgeç, giriş ekranına dön","","apps/web/src/screens/ParolaSifirla.tsx:71"
t4849cec4,arayuz,"ve","","apps/web/src/screens/LordEkrani.tsx:99"
t4e6aeb27,arayuz,"VERECEĞİN","","apps/web/src/components/Pazar.tsx:110"
tcffcc83d,arayuz,"vurdu — o kaynak boşa gitti.","","apps/web/src/components/SavasRaporu.tsx:442"
te18519c1,arayuz,"vurdu.","","apps/web/src/components/SavasRaporu.tsx:429"
tc0bd27c2,arayuz,"Vurucu güç ve hız. Okçuya karşı ×1,5.","","apps/web/src/screens/Kisla.tsx:59"
te30b10c9,arayuz,"vuruyor","","apps/web/src/components/KarsiIpuclari.tsx:87"
t7113f555,arayuz,"XP","","apps/web/src/components/IttifakBagis.tsx:127 | apps/web/src/components/SaldiriOnizleme.tsx:118 | apps/web/src/components/SaldiriOnizleme.tsx:160"
t48ccccf2,arayuz,"yağma","","apps/web/src/components/DunyaSeridi.tsx:76 | apps/web/src/components/SavasRaporu.tsx:228 | apps/web/src/screens/Harita.tsx:1031"
t884b8a52,arayuz,"Yağma","","apps/web/src/components/SavasRaporu.tsx:577 | apps/web/src/screens/Generaller.tsx:36"
tea3bde58,arayuz,"Yağma +%{0}","","apps/web/src/screens/LordEkrani.tsx:58"
t8e60ca24,arayuz,"yağma alır","","apps/web/src/components/DunyaSeridi.tsx:68"
ta24bd532,arayuz,"Yağmalanabilir depo","","apps/web/src/screens/Harita.tsx:1184"
t88e04ff0,arayuz,"Yakınlaştır","","apps/web/src/components/DunyaHaritasi.tsx:746"
t3f5de223,arayuz,"yakin","","apps/web/src/components/DunyaHaritasi.tsx:965 | apps/web/src/components/DunyaHaritasi.tsx:971"
t7eadadf4,arayuz,"yanıt bekleniyor","","apps/web/src/components/Paktlar.tsx:141"
tb27f14d4,arayuz,"yapı","","apps/web/src/screens/Sehir.tsx:885"
tdd99127b,arayuz,"Yapılar","","apps/web/src/screens/Sehir.tsx:573"
tee074955,arayuz,"Yaralı —","","apps/web/src/screens/Generaller.tsx:123"
te9ee27ba,arayuz,"yaralı hastaneye girdi.","","apps/web/src/screens/Akin.tsx:251"
tc6d3b17d,arayuz,"yarım","","apps/web/src/components/SavasRaporu.tsx:442"
t4f57fcb3,arayuz,"yasli","","apps/web/src/screens/Ittifak.tsx:106"
t786f173c,arayuz,"YAŞLI","","apps/web/src/components/IttifakIncele.tsx:103"
t3ada2cd6,arayuz,"YAŞLI YAP","","apps/web/src/screens/Ittifak.tsx:106"
tc4aede4f,arayuz,"Yaz","","apps/web/src/components/IttifakSohbet.tsx:104"
ta45efa0f,arayuz,"YAZ","","apps/web/src/components/IttifakDuyuru.tsx:62"
t62fa92fe,arayuz,"yedi.","","apps/web/src/components/SavasRaporu.tsx:434"
tc999bb1a,arayuz,"yeni","","apps/web/src/components/Basarimlar.tsx:74"
t0dbf3afc,arayuz,"yeni bir hedef seç","","apps/web/src/components/Omurga.tsx:491"
td5185ac1,arayuz,"Yeni bir pakt için önce birini feshetmen gerekiyor.","","apps/web/src/components/Paktlar.tsx:168"
tb04c6611,arayuz,"Yeni ele geçirilmiş ya da yeni oyuncuya ait bölgelere bir süre saldırılamaz.","","apps/web/src/screens/Harita.tsx:749"
t3b0cfa0d,arayuz,"Yeni Lord","","apps/web/src/screens/Giris.tsx:81"
t62db8630,arayuz,"Yeni lord kalkanı","","apps/web/src/screens/Malikane.tsx:135"
tf0f4d369,arayuz,"Yeni lordlar 72 saat saldırıya kapalıdır.","","apps/web/src/screens/Giris.tsx:165"
t6187848c,arayuz,"YENİ PAKT TEKLİF ET","","apps/web/src/components/Paktlar.tsx:159"
t58a2ac21,arayuz,"Yeni parola","","apps/web/src/screens/Hesap.tsx:119 | apps/web/src/screens/ParolaSifirla.tsx:46"
ta3f5ffa2,arayuz,"Yeni parola çok kısa","","apps/web/src/screens/Hesap.tsx:66"
tf46d6ce7,arayuz,"Yeni parolanı belirle","","apps/web/src/screens/ParolaSifirla.tsx:32"
t30cd1f85,arayuz,"Yeniden dene","","apps/web/src/App.tsx:334"
t56d9b3e2,arayuz,"yenilgi","","apps/web/src/screens/Akin.tsx:190"
t1ff6091c,arayuz,"YENİLGİ","","apps/web/src/components/SaldiriOnizleme.tsx:75 | apps/web/src/components/SavasRaporu.tsx:510 | apps/web/src/screens/Harita.tsx:1373"
t47e174c5,arayuz,"Yerine koymak","","apps/web/src/components/SaldiriOnizleme.tsx:177"
t46b8c0de,arayuz,"yok","","apps/web/src/components/ArmaSecici.tsx:178 | apps/web/src/components/ArmaSecici.tsx:179"
tf0bd371a,arayuz,"Yola çıkıyor…","","apps/web/src/components/KaynakGonder.tsx:95 | apps/web/src/screens/Harita.tsx:381"
t60a8f3a9,arayuz,"YÖNET","","apps/web/src/screens/Malikane.tsx:208"
t10956f9e,arayuz,"yukarı","","apps/web/src/components/SaldiriOnizleme.tsx:148 | apps/web/src/components/SavasRaporu.tsx:84"
t3244c60c,arayuz,"Yukarıdaki e-posta adresine sıfırlama bağlantısı gönderelim.","","apps/web/src/screens/Giris.tsx:143"
tfab69aea,arayuz,"Yukarıdan kaç birim göndereceğini seç.","","apps/web/src/screens/Harita.tsx:755"
t461c15f3,arayuz,"yururlukte","","apps/web/src/components/Paktlar.tsx:117"
tf966496b,arayuz,"Yükleniyor","","apps/web/src/components/DiyarTanitimi.tsx:124 | apps/web/src/components/Omurga.tsx:290 | apps/web/src/components/ui.tsx:44"
tb2582797,arayuz,"yükleniyor…","","apps/web/src/components/SavasRaporu.tsx:499"
tb65d2ef7,arayuz,"Yükleniyor...","","apps/web/src/screens/Siralama.tsx:227 | apps/web/src/screens/Siralama.tsx:252"
t727a3377,arayuz,"Yükseltiliyor","","apps/web/src/screens/Demirhane.tsx:317 | apps/web/src/screens/Demirhane.tsx:670"
tc133bd6b,arayuz,"Yükseltme","","apps/web/src/screens/Demirhane.tsx:210"
td74150f4,arayuz,"Yükseltme sonuna geldi","","apps/web/src/screens/Demirhane.tsx:209"
t6e9fd4f3,arayuz,"yürütebilirsin — kütüphaneni yükseltirsen artar. Sıra senin kararın: önce ekonomiyi mi büyütürsün, orduyu mu?","","apps/web/src/screens/Arastirma.tsx:103"
ta72a3c94,arayuz,"yürüyüş","","apps/web/src/components/HedefSeridi.tsx:71"
te12bcdfe,arayuz,"Yürüyüş süresi","","apps/web/src/screens/Generaller.tsx:39"
ta98e29bf,arayuz,"Yürüyüşler","","apps/web/src/screens/Harita.tsx:904"
t5753527f,arayuz,"Yürüyüşte","","apps/web/src/screens/Kisla.tsx:459"
tdd948d11,arayuz,"zafer","","apps/web/src/screens/Akin.tsx:190"
tc31c9cb1,arayuz,"ZAFER","","apps/web/src/components/SaldiriOnizleme.tsx:75 | apps/web/src/components/SavasRaporu.tsx:510 | apps/web/src/screens/Harita.tsx:1373"
t69e973b0,arayuz,"Zafer ihtimali","","apps/web/src/components/SaldiriOnizleme.tsx:83"
t8cfa4d48,arayuz,"zaten ittifakın ortak hedefi. Haritada kesik çizgiyle işaretli.","","apps/web/src/screens/Harita.tsx:439"
t7626de64,arayuz,"zayıf ihtimal","","apps/web/src/components/SaldiriOnizleme.tsx:47"
t9c828d99,arayuz,"Zemin rengi","","apps/web/src/components/ArmaSecici.tsx:147"
tded912ae,arayuz,"Zırh","","apps/web/src/screens/Demirhane.tsx:62 | apps/web/src/screens/LordEkrani.tsx:72"
tb249a729,motor,"-%{0}, taktikten gelen en çok ","","packages/shared/src/ogretici.ts:288"
tf4e6dc26,motor,"""Şimdi ne yapmalısın""","","packages/shared/src/ogretici.ts:559"
t2eac5284,motor,"(%{0}), okçuyla mancınığa zarar verir. ","","packages/shared/src/ogretici.ts:272"
t61dfae29,motor,"{0} → {1} komşuluğu tek yönlü","","packages/shared/src/balance.ts:307"
t6fa693bf,motor,"{0} altın. Bir kampa çekilirsin, binaların ","","packages/shared/src/ogretici.ts:173"
t017a75d9,motor,"{0} altına bir bölgeye casus gönderip garnizonunu ","","packages/shared/src/ogretici.ts:315"
te34dd32c,motor,"{0} bağış hakkın var.","","packages/shared/src/ogretici.ts:530"
te7fef269,motor,"{0} birim daha ekler. Ordu istediğin kadar büyümez.","","packages/shared/src/ogretici.ts:245"
t12853735,motor,"{0} bölge","","packages/shared/src/ogretici.ts:151"
t27b1f277,motor,"{0} dal, her dalda {1} kademe","","packages/shared/src/ogretici.ts:447"
t85178a8c,motor,"{0} için tavan. Daha büyük bir yerleşim gerekiyor.","","packages/shared/src/bina.ts:248"
t62df812d,motor,"{0} kanatta konuşlandı: +{1} güç.","","packages/shared/src/duzen.ts:227"
tee4f2969,motor,"{0} saat yeni lord kalkanı","","packages/shared/src/ogretici.ts:480"
t1385fba8,motor,"{0}: harita üzerindeki yeri ({1}, {2}) 0-100 dışında","","packages/shared/src/balance.ts:312"
tf6f4940c,motor,"{0}: hiçbir bölgeye komşu değil","","packages/shared/src/balance.ts:310"
t65a55651,motor,"{0}: kendi kendine komşu","","packages/shared/src/balance.ts:297"
t37d5a757,motor,"{0}: olmayan bölgeye komşu ({1})","","packages/shared/src/balance.ts:300"
te67fe55b,motor,"{0}x{1} bir düzlükte orduyu sen yerleştirirsin, sonra bir taktik seçersin.","","packages/shared/src/ogretici.ts:252"
t8b8befb4,motor,"%{0} artırır (en çok %{1}). ","","packages/shared/src/ogretici.ts:436"
t4d32fc8a,motor,"%{0}. İyi dizilim kötü orduyu kurtarmaz, ","","packages/shared/src/ogretici.ts:289"
tef56288e,motor,"%{0}'i geri gelir.","","packages/shared/src/ogretici.ts:470"
t33f6d095,motor,"1. satır en ön (düşmanın ilk çarptığı yer), {0}. satır en arka. ","","packages/shared/src/ogretici.ts:258"
t57858cd6,motor,"Acele etmene gerek yok.","","packages/shared/src/ogretici.ts:581"
t9604528c,motor,"Aç ordu saatte %{0} firar verir. Tarla bölgesi almak, asker eğitmekten önce gelir.","","packages/shared/src/ipuclari.ts:42"
t12ba6efb,motor,"açık olabilir; kabul edilen biri gelince diğerleri kendiliğinden düşer.","","packages/shared/src/ogretici.ts:517"
t8d064cc7,motor,"Adamlar kampa iniyor. Dönünce ne getirdiklerini birlikte sayarız.","","packages/shared/src/rehber.ts:84"
t47b1cf51,motor,"Adamlar toplanıyor. Şuracıkta bekle, bittiğinde haber vereceğim.","","packages/shared/src/rehber.ts:68"
t0e8414af,motor,"Akın toprak vermez, toprak da almaz. Kaybetsen bile bölgen elinde kalır — ","","packages/shared/src/ogretici.ts:380"
tbedf3f62,motor,"Akın: toprak almadan savaşmak","","packages/shared/src/ogretici.ts:374"
teeaa3109,motor,"Akına boş orduyla çıkılmaz.","","packages/shared/src/akin.ts:294"
t8e1e8371,motor,"Aldığın bölgeyi yükseltmek geliri ve savunmayı artırır. Yeni bölge almaktan ","","packages/shared/src/ogretici.ts:411"
tbf594ca0,motor,"altın karşılığına kadar, ve kaynak da yol alır — anında gitmez.","","packages/shared/src/ogretici.ts:543"
t82f0acb9,motor,"Altın ve demir","","packages/shared/src/ogretici.ts:191"
t23cd7cdc,motor,"Altın, demir, erzak biriktirirsin; şöhret sıralamandır.","","packages/shared/src/ogretici.ts:188"
t051e808c,motor,"ama iki denk ordudan hangisinin kazanacağını söyler. Yaptığın hatalar savaş ","","packages/shared/src/ogretici.ts:290"
t0ff92876,motor,"Ambarlar bu tavanı büyütür.","","packages/shared/src/ogretici.ts:214"
t967ce435,motor,"Ambarlar taştı lordum — bu saatten sonra ürettiğimiz her şey yere dökülüyor. ","","packages/shared/src/rehber.ts:105"
t751ba972,motor,"Ana sayfan bir yerleşim haritası. Binalar kapasite verir.","","packages/shared/src/ogretici.ts:350"
t7811f752,motor,"Araştırma ""%15 daha hızlı"" der, bina ""aynı anda 2 eğitim"" der. İkisi ","","packages/shared/src/ogretici.ts:361"
tf6ff5d9a,motor,"Araştırma başlat","","packages/shared/src/rehber.ts:180"
tf30b7a3d,motor,"Araştırma bittiğinde etkisi sonsuza kadar durur — ekipman gibi eskimez, ordu ","","packages/shared/src/ogretici.ts:458"
t6eba3fbd,motor,"Araştırma oran, bina kapasite","","packages/shared/src/ogretici.ts:359"
t5c430103,motor,"Araştırma: diyarını sen şekillendirirsin","","packages/shared/src/ogretici.ts:443"
t4e75a5e8,motor,"Araştırmanın girişi ana sayfada. Önce oraya dönelim lordum.","","packages/shared/src/rehber.ts:410"
t67406112,motor,"Artık bir general tutabilirsin. Onlar ordunun değil, ORDUNUN KURALLARININ gücüdür.","","packages/shared/src/rehber.ts:100"
t73fc092c,motor,"Asker eğitimi +{0} hızlı","","packages/shared/src/arastirma.ts:164"
t356af316,motor,"Asker eğitimi başlat","","packages/shared/src/gunluk.ts:59"
t5183aa53,motor,"Asker eğitmek, ekipman dövmek ve bölge geliştirmek bunlarla olur.","","packages/shared/src/ogretici.ts:192"
t8b6663c9,motor,"Asker maliyeti −{0}","","packages/shared/src/arastirma.ts:166"
teeae7b24,motor,"Askerlerin eğitiliyor lordum. Şuracıkta bekle, bittiğinde haber vereceğim.","","packages/shared/src/rehber.ts:484"
t198149c0,motor,"Aynı anda {0} araştırma","","packages/shared/src/ogretici.ts:466"
t32daab87,motor,"Aynı anda {0} araştırma yürütebilirsin, yani sıra senin kararın: ","","packages/shared/src/ogretici.ts:468"
t2ac80e83,motor,"Aynı anda {0} birim komuta edebilirsin; Liderlik her puanda ","","packages/shared/src/ogretici.ts:244"
t7dc15b82,motor,"Aynı anda en fazla {0} başvurun olabilir. Birini geri çek.","","packages/shared/src/ittifakBasvuru.ts:115"
t2868622a,motor,"Aynı anda tek araştırma","","packages/shared/src/ogretici.ts:465"
t99a5b60d,motor,"Aynı kaynağı kendisiyle takas edemezsin.","","packages/shared/src/pazar.ts:130"
t492c12a3,motor,"Aynı savaş motoru, aynı dizilim, aynı taktik, aynı kayıp. Yaralıların ","","packages/shared/src/ogretici.ts:386"
t0e7da755,motor,"Aynı vilayette topla","","packages/shared/src/ogretici.ts:433"
ta3c4b5fe,motor,"Aynı vilayette tuttuğun her fazladan bölge, oradaki bütün bölgelerinin gelirini ","","packages/shared/src/ogretici.ts:435"
te76587c7,motor,"Başarımlar","","packages/shared/src/ogretici.ts:571"
tb0dc5379,motor,"başlar — büyük ordu kurmak yetmiyor, besleyebilmek gerekiyor.","","packages/shared/src/ogretici.ts:198"
tf5034a69,motor,"Başlarken kimse sana saldıramaz. Kalkan, sen ilk saldırını yaptığında ","","packages/shared/src/ogretici.ts:482"
t675e7549,motor,"Beş düşman diyarı, her birinde on kamp. Kaynak ve ekipman.","","packages/shared/src/ogretici.ts:375"
tae5364ae,motor,"bilemezsen oraya bak, gerisini düşünme.","","packages/shared/src/ogretici.ts:562"
t99ca54fc,motor,"Bilinmeyen birim: {0}","","packages/shared/src/progression.ts:149"
t0c435da3,motor,"Bilinmeyen tier: {0}","","packages/shared/src/balance.ts:194 | packages/shared/src/balance.ts:215 | packages/shared/src/balance.ts:223"
tceeeac6a,motor,"bilmek, iki katı asker toplamaktan ucuza gelir.","","packages/shared/src/ipuclari.ts:38"
t25c219f6,motor,"Binalar seninle taşınır","","packages/shared/src/ogretici.ts:365"
t2106fa1d,motor,"Bir akın","","packages/shared/src/gunluk.ts:58"
t01bfb670,motor,"Bir ateş, birkaç çadır. Henüz toprağın yok.","","packages/shared/src/bina.ts:65"
tf0ce625a,motor,"Bir bölge aldığın anda onun çevresindeki her yer sana yaklaşır — ","","packages/shared/src/ogretici.ts:166"
tea2eacad,motor,"Bir bölgen oldu. Demirhanede kuşanacağın her parça, savaşa senin katkını büyütür.","","packages/shared/src/rehber.ts:96"
t0628661e,motor,"Bir bölgeye saldırı gönder","","packages/shared/src/gunluk.ts:58"
t162987d4,motor,"Bir bölgeyi ezici bir üstünlükle alırsan bölge senin olur. Dar kazanırsan ","","packages/shared/src/ogretici.ts:335"
t95df1932,motor,"Bir ekipman parçası yalnız lorda etki eder; general bütün orduya. Yuvan varsa boş bırakma.","","packages/shared/src/ipuclari.ts:59"
t4d819949,motor,"bir generalin etkisi bütün birliklerine birden işler.","","packages/shared/src/rehber.ts:377"
t5ea923d4,motor,"Bir grup seç lordum. En üsttekiler en zayıfı; ilkiyle başlayalım.","","packages/shared/src/rehber.ts:345"
t83ca86e1,motor,"Bir şey başlat, kapat","","packages/shared/src/ogretici.ts:553"
td8172966,motor,"Bir üyenin bölgesine asker yollayıp savunmasını güçlendirebilir, lider ","","packages/shared/src/ogretici.ts:522"
t214b3b6e,motor,"birer bahane.","","packages/shared/src/ogretici.ts:575"
t4a018316,motor,"Birimler birbirini kırar. Kimi göndereceğin, kaç kişi olduğundan önemli.","","packages/shared/src/ogretici.ts:229"
tb42a6ffa,motor,"birimler.{0} eksik","","packages/shared/src/balance.ts:261"
t21f96be1,motor,"birimler.{0}.yer >= 1 olmalı","","packages/shared/src/balance.ts:262"
tdbe1a320,motor,"Bölge geliri +{0}","","packages/shared/src/arastirma.ts:162"
t7938bab6,motor,"Bölge geliştir","","packages/shared/src/ogretici.ts:409"
tb2bd7b65,motor,"Bölge geliştirme +{0} hızlı","","packages/shared/src/arastirma.ts:182"
tb35945df,motor,"Bölge seviyesi geliri büyütür","","packages/shared/src/ipuclari.ts:66"
tbe214511,motor,"Bölge sınırı","","packages/shared/src/ogretici.ts:427"
t7fb91026,motor,"Bölge tutmak, savaş kazanmak ve tahtı elinde tutmak şöhret kazandırır.","","packages/shared/src/ogretici.ts:204"
t088fa673,motor,"Bölge, ekipman ve general. Üçü de aynı anda ilerler.","","packages/shared/src/ogretici.ts:406"
t7ce05441,motor,"Bölgeler bitmez ama çoğalmaz da — biri alırsa, bir başkası kaybeder.","","packages/shared/src/ogretici.ts:154"
t2db5f978,motor,"Bölgeler tek kaynak üretir: şehir altın, maden demir, tarla erzak. Malikâne ","","packages/shared/src/ogretici.ts:219"
tdef53a34,motor,"Bölgen yağmalandıysa kısa bir süre dokunulmaz olur. Farklı saldırganların ","","packages/shared/src/ogretici.ts:488"
t021ce3fd,motor,"Bölgeni haritadan açacağız; yol ana sayfadaki adımdan geçiyor.","","packages/shared/src/rehber.ts:396"
t18007840,motor,"Bölgeyi yükselt. Aynı toprak daha çok verir, üstelik savunması da artar — ","","packages/shared/src/rehber.ts:390"
t3cc043ca,motor,"Böyle bir kaynak yok.","","packages/shared/src/pazar.ts:127"
tb532a2af,motor,"bu bölge senin olur.","","packages/shared/src/rehber.ts:419"
t33b9f322,motor,"Bu düğme askerleri kışlaya yazdırır. Sayıyı senin için hazır seçtim — ","","packages/shared/src/rehber.ts:302"
t646b9db7,motor,"Bu düğme orduyu yola çıkarır. Geri dönüşü yok — ama hesabı yaptım, ","","packages/shared/src/rehber.ts:418"
tee4272d0,motor,"Bu ittifağa zaten başvurdun, cevap bekleniyor.","","packages/shared/src/ittifakBasvuru.ts:96"
t5874fc4f,motor,"Bu ittifak başvuru almıyor, doğrudan katılabilirsin.","","packages/shared/src/ittifakBasvuru.ts:84"
tfcbe1de2,motor,"Bu ittifak başvurunu reddetti. {0} saat sonra yeniden başvurabilirsin.","","packages/shared/src/ittifakBasvuru.ts:104"
te8fc7ecc,motor,"Bu ittifak başvuruyla üye alıyor. Başvurup liderin onayını beklemelisin.","","packages/shared/src/ittifakBasvuru.ts:154"
t0e5095cd,motor,"Bu ittifak en az Sv{0} istiyor. Sen Sv{1}'sin.","","packages/shared/src/ittifakBasvuru.ts:170 | packages/shared/src/ittifakBasvuru.ts:92"
tbd18938b,motor,"Bu oyun beklemeli. Günde birkaç dakika yeter.","","packages/shared/src/ogretici.ts:550"
taa831700,motor,"Bu parçayı kuşan. Ekipman ordunun sayısını değil, senin savaşa kattığın ","","packages/shared/src/rehber.ts:362"
t438772cd,motor,"Bugün en fazla {0} {1} daha takas edebilirsin.","","packages/shared/src/pazar.ts:150"
t6615c06c,motor,"Bugünkü pazar hakkın doldu. Yarın yenilenir.","","packages/shared/src/pazar.ts:149"
t4f0fa822,motor,"Bunu başlat. Hangisini seçtiğin senin kararın — araştırma kalıcıdır ve ","","packages/shared/src/rehber.ts:404"
td1eb5336,motor,"Bunu kirala. General tek bir askeri değil ORDUNUN KURALLARINI değiştirir; ","","packages/shared/src/rehber.ts:376"
tad08e287,motor,"buradan büyür.","","packages/shared/src/ogretici.ts:460"
t0ca004f7,motor,"Burası bir diyar, sen bir lordsun","","packages/shared/src/ogretici.ts:147"
t79dfae21,motor,"Bütün bölgelerini kaybetsen bile taban gelirin akmaya devam eder: saatte ","","packages/shared/src/ogretici.ts:172"
tc8dcc54d,motor,"Büyümenin üç yolu","","packages/shared/src/ogretici.ts:405"
t91c31dd1,motor,"Casusluk −{0} ucuz","","packages/shared/src/arastirma.ts:184"
tfcce622f,motor,"Çamurlu bir yol, ahşap evler, bir palisad.","","packages/shared/src/bina.ts:66"
taef1e8d0,motor,"çoğu zaman daha kârlıdır — ve kimse elinden almaya kalkışmaz.","","packages/shared/src/ogretici.ts:412"
te4647dbe,motor,"Dağınık üç bölge ile bitişik üç bölge aynı şey değil.","","packages/shared/src/ogretici.ts:437"
tad82a380,motor,"Daha büyük bir yerleşim fethedip başkentini oraya taşırsan binaların ","","packages/shared/src/ogretici.ts:367"
t1bc9cce1,motor,"Demirhanede kuşandığın eşyalar ordunun saldırı ve savunmasına doğrudan ","","packages/shared/src/ogretici.ts:417"
t675e8b7d,motor,"Demirhanenin girişi ana sayfada lordum. Önce oraya dönelim.","","packages/shared/src/rehber.ts:368"
t0f57b2e5,motor,"Denge verisi geçersiz:
  - {0}","","packages/shared/src/balance.ts:336"
t1e10eb4e,motor,"Depo kapasitesi +{0}","","packages/shared/src/arastirma.ts:158"
t6185c54d,motor,"Deponun bir tavanı var","","packages/shared/src/ogretici.ts:209"
t59cf9415,motor,"Depoyu büyütmeden biriktirmenin anlamı yok.","","packages/shared/src/rehber.ts:106"
tefcb3bb6,motor,"Dibe vurursun, silinmezsin","","packages/shared/src/ogretici.ts:170"
t522a35da,motor,"Diyarın merkezi.","","packages/shared/src/bina.ts:70"
tae8b5466,motor,"diyarını başka lordlarınkinden ayıran tek katman odur.","","packages/shared/src/rehber.ts:405"
tf2e5f70e,motor,"Diyarını imar et","","packages/shared/src/gunluk.ts:60"
td2b839ff,motor,"Dizilimden gelen etki en çok +%{0} / ","","packages/shared/src/ogretici.ts:287"
te000c2bb,motor,"Dizilimi yaptıktan sonra bir taktik seçersin — Hilal Düzeni süvarini kanattan ","","packages/shared/src/ogretici.ts:279"
ta1be7128,motor,"dolandırır, Kalkan Duvarı ön hattı kilitler. Her taktiğin bir koşulu var ve ","","packages/shared/src/ogretici.ts:280"
t08196059,motor,"durur ve yeni bir yerleşim alınca kaldığın yerden devam edersin.","","packages/shared/src/ogretici.ts:174"
t30160b9f,motor,"Duvara karşı harika, insana karşı berbat — yanına muhafız al.","","packages/shared/src/ogretici.ts:239"
t6e565082,motor,"Dünya kalıcı","","packages/shared/src/ogretici.ts:578"
t55b96c30,motor,"düşer — hazır olduğuna kendin karar veriyorsun.","","packages/shared/src/ogretici.ts:483"
t7c42a3ab,motor,"Düşman kampları Akın sekmesinde ama yol ana sayfadan geçiyor lordum.","","packages/shared/src/rehber.ts:354"
te2440594,motor,"Düşmanda {0} yoktu; bu taktiğin asıl kozu boşa gitti.","","packages/shared/src/duzen.ts:368"
t7292ddeb,motor,"Düşmanın {0}'i {1}ydı: +{2} saldırı.","","packages/shared/src/duzen.ts:375"
t9d6d0c5e,motor,"Düşürdüğün grup birkaç saat sonra geri döner. O sürede gri durur ama ","","packages/shared/src/ogretici.ts:398"
t776b21bc,motor,"Eğitim, yürüyüş ve imar zamanla biter. Uygulamayı açık tutman gerekmez; ","","packages/shared/src/ogretici.ts:555"
tddfb254c,motor,"Ekipman döv","","packages/shared/src/ogretici.ts:415"
t91b5b276,motor,"Ekipman kuşan","","packages/shared/src/rehber.ts:177"
tf8bef3dd,motor,"Ekipman üret ya da bölge geliştir","","packages/shared/src/gunluk.ts:60"
tf93e75f5,motor,"eklenir. Aynı orduyla daha güçlü savaşırsın.","","packages/shared/src/ogretici.ts:418"
t5db224b7,motor,"Eksi miktar gönderilemez.","","packages/shared/src/ticaret.ts:83"
t9d099ea3,motor,"Ele geçirilen bölge {0} saat kalkan altında kalır — hem seninki hem düşmanınki.","","packages/shared/src/ipuclari.ts:46"
tf995f123,motor,"elinde bir şeyle çıkarsın.","","packages/shared/src/ogretici.ts:568"
t4324a9bb,motor,"Elinde bu kadar yok.","","packages/shared/src/pazar.ts:139"
t41916aa3,motor,"en ağır ceza mancınığındır (satır başına %{0}) — ","","packages/shared/src/ogretici.ts:265"
t67ba0fe8,motor,"En az {0} birim takas edebilirsin.","","packages/shared/src/pazar.ts:135"
tf3acae08,motor,"En az {0} değerinde yük gönderilebilir.","","packages/shared/src/ticaret.ts:88"
t878c2032,motor,"En fazla {0} paktın olabilir. Yenisi için birini feshetmen gerekiyor.","","packages/shared/src/pakt.ts:102"
t6ab674b4,motor,"En fazla {0} üye","","packages/shared/src/ogretici.ts:505"
t76555f03,motor,"En yüksek seviyede.","","packages/shared/src/bina.ts:247"
tec1768f7,motor,"Erken oyunda az bölgeyi iyi tutmak, çok bölgeyi kötü tutmaktan iyidir.","","packages/shared/src/ogretici.ts:430"
t86714050,motor,"Erzak eksiye düşerse ordu dağılır","","packages/shared/src/ipuclari.ts:41"
t78c2ab74,motor,"Erzak eksiye düştü lordum. Aç ordu dağılır — önce burayı kapatalım.","","packages/shared/src/rehber.ts:122"
t68a0c47c,motor,"erzak yemez ve komuta yerini işgal etmezler. Yenilgi bir gecikmedir, silinme değil.","","packages/shared/src/ogretici.ts:330"
t4cfb105e,motor,"Etiket {0}-{1} karakter olmalı.","","packages/shared/src/ittifak.ts:56"
t643e59f8,motor,"Etiket yalnız harf ve rakam içerebilir.","","packages/shared/src/ittifak.ts:62"
t49b14698,motor,"Evdeki ordu bölgeni korumaz. Aldığın toprağa asker bırakmazsan ilk gelen geri alır.","","packages/shared/src/ipuclari.ts:50"
t83a87ab5,motor,"Fethin karşılığı bu: T5 ekipman dövmek için gerçek bir şehir gerekiyor.","","packages/shared/src/ogretici.ts:356"
t31725a07,motor,"Fetih sonrası {0} saat","","packages/shared/src/ogretici.ts:492"
t91fd6882,motor,"Forum, su kemeri, tapınak. Artık bir şehirsin.","","packages/shared/src/bina.ts:68"
t90ecb3ad,motor,"Ganimet ve fetih","","packages/shared/src/ogretici.ts:333"
t0cd88fa1,motor,"Garnizon bölgeyi tek başına savunur","","packages/shared/src/ipuclari.ts:49"
t45c62de2,motor,"garnizonunu toplamaya vaktin olur.","","packages/shared/src/ogretici.ts:495"
t806d7bef,motor,"General ordunun tamamını çarpar","","packages/shared/src/ipuclari.ts:57"
t3ad9ed5f,motor,"General topla","","packages/shared/src/ogretici.ts:421"
tc54400b0,motor,"Generaller savaşa katıldıkça seviye atlar ve ordunun bonuslarını büyütür. ","","packages/shared/src/ogretici.ts:423"
t74e7277b,motor,"Generallerin listesi ana sayfada duruyor. Önce oraya dönelim lordum.","","packages/shared/src/rehber.ts:382"
t95d1b208,motor,"generals.json boş","","packages/shared/src/balance.ts:273"
t85cc9c83,motor,"generals.json içinde tekrar eden key var","","packages/shared/src/balance.ts:275"
t9e98f33e,motor,"gibi ölmez. Depo tavanı, eğitim hızı, ordu saldırısı, yürüyüş hızı: hepsi ","","packages/shared/src/ogretici.ts:459"
t940b7ebd,motor,"gider: okçuyu öne koyup mızrakçıyı arkaya saklamak bedava değil.","","packages/shared/src/ogretici.ts:274"
t2674e2d7,motor,"Görev Panosu","","data/binalar.json:binalar[2].ad | packages/shared/src/types.ts:282"
t588131dd,motor,"gösteriyoruz. Kör atış yok.","","packages/shared/src/ogretici.ts:304"
t8094f0bf,motor,"gücü büyütür — aynı orduyla daha sert vurursun.","","packages/shared/src/rehber.ts:363"
te9bf886c,motor,"Günde {0} saldırı yapabilirsin; Taht Kalesi bu limitten muaf. Hedefini seçerek harca.","","packages/shared/src/ipuclari.ts:54"
t39a17db6,motor,"Günde +{0} saldırı hakkı","","packages/shared/src/arastirma.ts:186"
t590d8e92,motor,"Günlük gönderim tavanını aşıyor. Bugün {0} değerinde daha gönderebilirsin.","","packages/shared/src/ticaret.ts:96"
t5485d304,motor,"Günlük görevler ve haftalık sefer","","packages/shared/src/ogretici.ts:565"
te18bd664,motor,"günlük hacim {0} altın karşılığıyla sınırlı. ","","packages/shared/src/ogretici.ts:221"
t42a2a869,motor,"Günlük saldırı hakkın sınırlı","","packages/shared/src/ipuclari.ts:53"
t044df9bf,motor,"hâlâ koruyor. Verdiğin söz o yüzden bir şey ifade ediyor.","","packages/shared/src/ogretici.ts:537"
te3bf3872,motor,"Harcanmaz, biriktirilir. Sıralamadaki yerin ve unvanın buradan gelir. ","","packages/shared/src/ogretici.ts:203"
t5037e6f8,motor,"Haritadaki her işaret bir bölge. Kimi boş durur, kimini bir lord tutar. ","","packages/shared/src/ogretici.ts:153"
tb6fddbea,motor,"Haritanın ortasındaki altın çerçeveli bölge. Onu tutan Diyarın Lordu olur ","","packages/shared/src/ogretici.ts:159"
t97cbd721,motor,"hastaneye girer. Burada öğrendiğin her şey karşındaki lorda karşı da geçerli.","","packages/shared/src/ogretici.ts:387"
tbe039b4e,motor,"hedefi almaya yetecek kadarı bu.","","packages/shared/src/rehber.ts:303"
teb77b5dc,motor,"Her {0} lord seviyesinde bir bölge daha tutabilirsin. ","","packages/shared/src/ogretici.ts:429"
t7e372fb9,motor,"Her birimin bir yeri var","","packages/shared/src/ogretici.ts:262"
tfb9c73c2,motor,"Her gün üç küçük görev, her hafta bir sefer. Kısa bir girişte bile ","","packages/shared/src/ogretici.ts:567"
t8cd9a3f1,motor,"Her kaynağı en çok {0} kadar biriktirebilirsin; ","","packages/shared/src/ogretici.ts:211"
t0975a511,motor,"hiçbir zaman aynı sayıya dokunmaz — hangisini yükselteceğin ayrı bir karar.","","packages/shared/src/ogretici.ts:362"
tcec1a587,motor,"Hiçbiri zorunlu değil — oyunu hiç görmediğin yerlerinden denemen için ","","packages/shared/src/ogretici.ts:574"
ta77e382e,motor,"İdeal satırlar: {0}. İdealinden her satır sapma güç kaybettirir; ","","packages/shared/src/ogretici.ts:264"
t471a2ec0,motor,"İki ittifak birbirine saldırmamaya söz verebilir. En fazla {0} pakt, ","","packages/shared/src/ogretici.ts:535"
td2fa6864,motor,"İlk {0} saat kimse sana saldıramaz. O süre kurulmak için — sonrası için hazırlan.","","packages/shared/src/ipuclari.ts:63"
ta17e3c1c,motor,"İlk bölgeni al","","packages/shared/src/rehber.ts:176"
t4e1d5077,motor,"ilk seferde orduyu bölmenin bir faydası yok.","","packages/shared/src/rehber.ts:425"
t7e8fd5d4,motor,"inelim: kimseyle husumetimiz olmaz, ganimeti de biz alırız.","","packages/shared/src/rehber.ts:74"
tae60cd6a,motor,"işaretlenir. Kurnazlık statın hem başarı şansını artırır hem yakalanma riskini düşürür.","","packages/shared/src/ogretici.ts:317"
t78f10e57,motor,"İttifak adı en az {0} harf olmalı.","","packages/shared/src/ittifak.ts:42"
t61897022,motor,"İttifak adı en fazla {0} harf olabilir.","","packages/shared/src/ittifak.ts:45"
tb48a59f5,motor,"İttifak dolu ({0} üye).","","apps/api/src/routes/ittifak.ts:1128 | packages/shared/src/ittifakBasvuru.ts:161 | packages/shared/src/ittifakBasvuru.ts:87"
tf8276237,motor,"İttifak seviyesi","","packages/shared/src/ogretici.ts:526"
t827b1e17,motor,"İttifak; birbirine saldıramayan, birbirini besleyen bir grup.","","packages/shared/src/ogretici.ts:502"
tee6bbfef,motor,"Kâhya Sinan","","data/generals.json:generaller[5].ad | packages/shared/src/rehber.ts:38"
tcf47b520,motor,"Kale-şehir","","packages/shared/src/bina.ts:60"
t3ddc6e92,motor,"Kaleye karşı ×{0}, canlı birime karşı ×{1}. ","","packages/shared/src/ogretici.ts:238"
t980be71f,motor,"Kalıcı seçimler. İki lord aynı seviyede olsa bile aynı olmaz.","","packages/shared/src/ogretici.ts:444"
t353c1322,motor,"Kalıcı ve geri alınmaz","","packages/shared/src/ogretici.ts:456"
t98ac30ec,motor,"Kamp","","packages/shared/src/bina.ts:56"
tc54cff50,motor,"Kampta binalar 1. seviyeyi geçemez, köyde 2, kasabada 3, şehirde 4. ","","packages/shared/src/ogretici.ts:355"
t9a45b6d2,motor,"Kamptan başlarsın","","packages/shared/src/ogretici.ts:177"
t87585a83,motor,"Kanatlar ve açık cephe","","packages/shared/src/ogretici.ts:269"
tce8869c0,motor,"kapalıyken de işler.","","packages/shared/src/ogretici.ts:556"
td131a86c,motor,"Karşı ittifakın pakt kotası dolu ({0}).","","packages/shared/src/pakt.ts:109"
t91a4454c,motor,"Kasaba","","packages/shared/src/bina.ts:58"
t33db6196,motor,"Kaybetmek ölüm değil","","packages/shared/src/ogretici.ts:320"
tb7a9996a,motor,"kaybolmaz — ne zaman döneceği ekranda yazılı.","","packages/shared/src/ogretici.ts:399"
tb800b73a,motor,"Kaynak gönder","","packages/shared/src/ogretici.ts:540"
t58e528aa,motor,"kaynak gönderme hakkı, daha hızlı takviye, daha ucuz keşif. Günde ","","packages/shared/src/ogretici.ts:529"
tc61d4e1a,motor,"Kaynak kesin, ekipman şans","","packages/shared/src/ogretici.ts:390"
t3292100b,motor,"Kazanınca kaynağı mutlaka alırsın; ekipman ihtimale bağlı ve grup ","","packages/shared/src/ogretici.ts:392"
t4953b408,motor,"Kenar sütunlar ({0}) süvariye yarar ","","packages/shared/src/ogretici.ts:271"
t2e190b39,motor,"Kendi ittifakınla pakt yapamazsın.","","packages/shared/src/pakt.ts:95"
t222a8314,motor,"Kimi ittifaklara doğrudan girersin, çoğu başvuruyla üye alır — o zaman ","","packages/shared/src/ogretici.ts:515"
t8107bb49,motor,"Kimin nerede durduğu savaşın gücünü değiştirir.","","packages/shared/src/ogretici.ts:259"
t3481794b,motor,"Komuta kapasitesi +{0}","","packages/shared/src/arastirma.ts:170"
t3927e06a,motor,"Komuta sınırı","","packages/shared/src/ogretici.ts:242"
t27d2957a,motor,"Koşul tutmuyor.","","packages/shared/src/duzen.ts:272"
t63a9f50d,motor,"koşulu tutmayan taktik seçilemez: yarım tutan bir taktiğe yarım bonus vermek, ","","packages/shared/src/ogretici.ts:281"
t64a9f707,motor,"Kuşatma silahı","","packages/shared/src/ogretici.ts:236"
t04fed051,motor,"Lider","","packages/shared/src/ittifakSeviye.ts:184"
t745ccd8d,motor,"liderin onayını beklersin. Aynı anda {0} başvurun ","","packages/shared/src/ogretici.ts:516"
t66fddce4,motor,"Lord ekranında bir başarım listesi var: bölge, savaş, ekipman, general. ","","packages/shared/src/ogretici.ts:573"
t4a41eb3e,motor,"lord seviyen her arttığında tavan {0} büyür. ","","packages/shared/src/ogretici.ts:212"
tc5aa6c64,motor,"Lord seviyesi {0} gerekiyor.","","packages/shared/src/arastirma.ts:230"
t8b64255a,motor,"Lordum, elimizde bir çadır ve bir talimgahtan başka bir şey yok. Önce asker ","","packages/shared/src/rehber.ts:63"
t8fea1e77,motor,"Malikâne geliri +{0}","","packages/shared/src/arastirma.ts:160"
t41633d0d,motor,"Malikâne kâhyan","","packages/shared/src/rehber.ts:39"
t6b4f58f0,motor,"Malikânede tek bir kart her zaman sıradaki adımı söyler. Ne yapacağını ","","packages/shared/src/ogretici.ts:561"
t72e21d0d,motor,"Metropol","","packages/shared/src/bina.ts:61"
t054035a7,motor,"Mızrakçı süvariyi, süvari okçuyu, okçu mızrakçıyı yer. Karşıdakinin ne tuttuğunu ","","packages/shared/src/ipuclari.ts:37"
t3d5e14ec,motor,"Not en fazla {0} harf olabilir.","","packages/shared/src/ittifakBasvuru.ts:195"
tcf4219d4,motor,"olarak haritada ortak bir hedef işaretleyebilirsin.","","packages/shared/src/ogretici.ts:523"
t530ab412,motor,"Ordu bakımı −{0}","","packages/shared/src/arastirma.ts:168"
tbc9706bc,motor,"Ordu büyüdükçe komuta gerekir. Liderlik statın kaç asker taşıyabileceğini söyler.","","packages/shared/src/rehber.ts:92"
t793f1e32,motor,"ordu da toprak da bina da kazanılıyor.","","packages/shared/src/ogretici.ts:181"
tb2cfc172,motor,"Ordu saldırısı +{0}","","packages/shared/src/arastirma.ts:172"
t5d274e99,motor,"Ordu savunması +{0}","","packages/shared/src/arastirma.ts:174"
t8742141d,motor,"Ordu: kalabalık değil, doğru kalabalık","","packages/shared/src/ogretici.ts:228"
t9cddea75,motor,"Ordun ayakta ama toprağa saldırmak için erken. Şu deniz haydutlarının kampına ","","packages/shared/src/rehber.ts:73"
td90fe308,motor,"Ordun hazır. Karşıdakinin sayısı seninkinden çok olabilir — bakma sen ona, ","","packages/shared/src/rehber.ts:79"
te2f21bf8,motor,"Ordun her saat erzak yer. Erzak biterse askerlerin açlıktan erimeye ","","packages/shared/src/ogretici.ts:197"
t8b113621,motor,"Ordun yolda. İlk yürüyüşün {0} dakika sürer; sonucu bu oturumda görürsün.","","packages/shared/src/rehber.ts:88"
t37ea98a7,motor,"Ordunu bu kampın üstüne yolla. Kaybetsen bile toprağın gitmez — akın ","","packages/shared/src/rehber.ts:331"
tf86993ca,motor,"ordunu denemenin en ucuz yeri burası.","","packages/shared/src/ogretici.ts:381"
t377699da,motor,"Orduyu yollarsın, yol alır, çarpışır; sen izlersin.","","packages/shared/src/ogretici.ts:298"
t40087aa8,motor,"Oyunun ritmi","","packages/shared/src/ogretici.ts:549"
t9dc3e475,motor,"öğrenebilirsin. Rapor bir fotoğraftır: {0} saat sonra ""eski"" diye ","","packages/shared/src/ogretici.ts:316"
t65afe539,motor,"Ölü sayılanların bir bölümü yaralı olarak geri döner — hem savunmada hem saldırıda.","","packages/shared/src/ogretici.ts:323"
t2cc4d5bc,motor,"ön hatta duran mancınık ilk çarpışmada dağılır.","","packages/shared/src/ogretici.ts:266"
t23446189,motor,"Ön hattın açıktı: milis ve mızrakçı arkada beklerken düşman doğrudan içeri girdi. {0} savunma kaybı.","","packages/shared/src/duzen.ts:238"
t4a5e532a,motor,"Ön satırda hiç yakın dövüş birimi bırakmazsan savunmandan %{0} ","","packages/shared/src/ogretici.ts:273"
t475ee1c4,motor,"Önce {0} gerekiyor.","","packages/shared/src/arastirma.ts:228"
td58fd65f,motor,"Önce casus yolla","","packages/shared/src/ogretici.ts:313"
t99a8136e,motor,"önce ekonomiyi mi büyütürsün, orduyu mu? Vazgeçersen harcadığının ","","packages/shared/src/ogretici.ts:469"
tce509152,motor,"Önce kimi göndereceğini seç. ""Hepsi"" evdeki bütün askeri katar; ","","packages/shared/src/rehber.ts:424"
tffed5085,motor,"Önce önizleme","","packages/shared/src/ogretici.ts:301"
t2091af84,motor,"önemli olan hangi askerin hangisini yediği. Aşağıda yazıyor.","","packages/shared/src/rehber.ts:80"
tbeace604,motor,"Pakt için bir ittifakın olması gerekiyor.","","packages/shared/src/pakt.ts:92"
t172f1fb8,motor,"Pazarda takas","","packages/shared/src/ogretici.ts:217"
t78ff2cef,motor,"pazarında birini diğerine çevirebilirsin — komisyon %{0}, ","","packages/shared/src/ogretici.ts:220"
tf3c2dce8,motor,"raporunda tek tek yazar.","","packages/shared/src/ogretici.ts:291"
t1823c307,motor,"Saldırıya çıkmadan önce ordunu {0}x{1} bir alana dizersin. ","","packages/shared/src/ogretici.ts:257"
tb15cf88d,motor,"Saldırmadan önce kazanma ihtimalini, tahmini kaybını ve ganimetini ","","packages/shared/src/ogretici.ts:303"
t4b39f2fd,motor,"Saldırmazlık paktı","","packages/shared/src/ogretici.ts:533"
t3a9163e1,motor,"sana neden az aldığını anlatmayı imkânsız kılardı.","","packages/shared/src/ogretici.ts:282"
t4bcff1b8,motor,"Savaş gerçek","","packages/shared/src/ogretici.ts:384"
t245190a9,motor,"Savaş kendiliğinden çözülür","","packages/shared/src/ogretici.ts:297"
t840b4bf3,motor,"Savaş tur tur hesaplanır ve raporu okunabilir: neyi neden kazandığın ","","packages/shared/src/ogretici.ts:309"
td3f44af5,motor,"Savaştan önce: dizilimin ve taktiğin","","packages/shared/src/ogretici.ts:251"
tf742f69b,motor,"Sayı değil, eşleşme kazandırır","","packages/shared/src/ipuclari.ts:35"
t6228723d,motor,"Seni koruyan kurallar","","packages/shared/src/ogretici.ts:476"
tc36d65d0,motor,"Seviye {0}","","packages/shared/src/balance.ts:351"
ta5b1e298,motor,"Seviye eşiği en az 1 olmalı.","","packages/shared/src/ittifakBasvuru.ts:185"
tf693a3e4,motor,"Seviye eşiği en fazla {0} olabilir.","","packages/shared/src/ittifakBasvuru.ts:188"
t54c01a82,motor,"seviyede olsa bile aynı olmaz.","","packages/shared/src/rehber.ts:118"
t3f2d7118,motor,"seviyeleriyle birlikte gelir. Taşınmak hiçbir şey kaybettirmez.","","packages/shared/src/ogretici.ts:368"
tb4097d4c,motor,"Sezon yok, sıfırlama yok. Bugün kurduğun şey yarın da, seneye de duruyor. ","","packages/shared/src/ogretici.ts:580"
tb523fd63,motor,"sırayla gelip seni bir gecede silmesi böyle engelleniyor.","","packages/shared/src/ogretici.ts:489"
tebdafe82,motor,"Surlar hâkim. Askerî bir yerleşim.","","packages/shared/src/bina.ts:69"
t2cba21ff,motor,"şehir sayfan bir kamptan bir köye döner. Sana hiçbir şey verilmiyor — ","","packages/shared/src/ogretici.ts:180"
t81af9968,motor,"Şehrin: her binanın bir işi var","","packages/shared/src/ogretici.ts:349"
td1b9e13b,motor,"Şimdi diyarını kendine benzetme vakti. Araştırma kalıcıdır — iki lord aynı ","","packages/shared/src/rehber.ts:117"
tb048e209,motor,"Şu an inşa ediliyor.","","packages/shared/src/bina.ts:243"
tc4b4cc45,motor,"Şu diyara girelim. İçinde on kamp var, hepsi ayrı ayrı vurulabiliyor.","","packages/shared/src/rehber.ts:349"
tf1703d7a,motor,"Tahkimat +{0} (savunmada)","","packages/shared/src/arastirma.ts:180"
t3f4d3453,motor,"Taht Kalesi tam 1 olmalı, {0} bulundu","","packages/shared/src/balance.ts:281"
t39ab6f5f,motor,"Taht senin. Diyar seni tanıyor.","","packages/shared/src/kimlik.ts:126"
t75023d65,motor,"Takas boşluğu kapatır, üretimin yerini tutmaz.","","packages/shared/src/ogretici.ts:222"
t7135b66c,motor,"Takviye ve ortak hedef","","packages/shared/src/ogretici.ts:520"
tbab76525,motor,"Taş bir meydan, ilk sur, bir çarşı.","","packages/shared/src/bina.ts:67"
te9c952fc,motor,"Taş-kağıt-makas","","packages/shared/src/ogretici.ts:232"
tc0f0a7b9,motor,"Tavana dayanan kaynak artık birikmez — üretilen boşa gider. Araştırmadaki ","","packages/shared/src/ogretici.ts:213"
tff073313,motor,"Tavanı var, savaşı belirlemez","","packages/shared/src/ogretici.ts:285"
tc8220c46,motor,"Tedavi en çok {0} saat sürer; o sürede ","","packages/shared/src/ogretici.ts:329"
t35610c10,motor,"Tek bir harita, üzerinde herkes. Sen de onlardan birisin.","","packages/shared/src/ogretici.ts:148"
tee84f2b1,motor,"Toprağı çoğaltmak tek yol değil. Elindekini yükselt: aynı bölge daha çok ","","packages/shared/src/rehber.ts:111"
tb1b32fdc,motor,"Toprağın yok, ordun yok. İlk köyünü fethettiğinde orası başkentin olur ve ","","packages/shared/src/ogretici.ts:179"
tdd3a95b3,motor,"toprak almaz, toprak da vermez; öğrenmenin en ucuz yeri burası.","","packages/shared/src/rehber.ts:332"
t5c9bcae8,motor,"Toprak haritayı açar","","packages/shared/src/ogretici.ts:163"
t9cbf108d,motor,"Toprak riski yok","","packages/shared/src/ogretici.ts:378"
t305145e4,motor,"uretim_nadirlik_tablosu.{0} toplamı 1 değil: {1}","","packages/shared/src/balance.ts:269"
t5b3f33e5,motor,"Uykudayken silinmezsin. Bu oyunda kalkanlar gerçekten var.","","packages/shared/src/ogretici.ts:477"
t8ea30de8,motor,"Üç kaynak, bir puan","","packages/shared/src/ogretici.ts:187"
tee23d259,motor,"Üye","","apps/api/src/routes/ittifak.ts:1818 | apps/api/src/routes/ittifak.ts:781 | packages/shared/src/ittifakSeviye.ts:186"
tbea4c769,motor,"Üyeler bağış yaptıkça ittifak seviye atlar ve HERKES kazanır: daha çok ","","packages/shared/src/ogretici.ts:528"
tae03669e,motor,"Üyeler birbirine saldıramaz. Küçük tutuldu: bir kaleyi birlikte kuşatmaya ","","packages/shared/src/ogretici.ts:507"
t9ed6c759,motor,"ve fesih anında geçmiyor: {0} saat ihbar süresi boyunca pakt ","","packages/shared/src/ogretici.ts:536"
t4ebf37bc,motor,"ve şöhretini daha hızlı büyütür. Oyunun ucu burası.","","packages/shared/src/ogretici.ts:160"
td67b57f6,motor,"verir, üstelik saldırana da daha pahalıya patlar.","","packages/shared/src/rehber.ts:112"
t442686cb,motor,"Vurulan kamp toparlanır","","packages/shared/src/ogretici.ts:396"
t79876e55,motor,"world-map.json: harita kopuk — {0} bölgenin {1} tanesine ulaşılıyor","","packages/shared/src/balance.ts:330"
t5efe89ef,motor,"world-map.json: region_count ile gerçek bölge sayısı uyuşmuyor","","packages/shared/src/balance.ts:278"
tbdb8ac9a,motor,"world-map.json: tekrar eden bölge kimliği var","","packages/shared/src/balance.ts:294"
t4d5fc234,motor,"ya da kaybettiğin yazar. Rapordan doğrudan karşı saldırı açabilirsin.","","packages/shared/src/ogretici.ts:310"
t848d4403,motor,"Yağma +{0}","","packages/shared/src/arastirma.ts:178"
tf1cef8fa,motor,"Yağma sonrası {0} saat","","packages/shared/src/ogretici.ts:486"
t560fd39a,motor,"Yalnız oynamak zorunda değilsin","","packages/shared/src/ogretici.ts:501"
td80e3aa2,motor,"yalnız yağmalarsın: kaynağı alır, bölgeyi bırakırsın.","","packages/shared/src/ogretici.ts:336"
tf6030ee3,motor,"Yapılacak iş ana sayfada yazılı. Önce oraya dönelim lordum.","","packages/shared/src/rehber.ts:308 | packages/shared/src/rehber.ts:430"
t65a57fd5,motor,"Yaralanırlarsa bir süre dinlenmeleri gerekir.","","packages/shared/src/ogretici.ts:424"
ta968ca5b,motor,"Yaralılar eve değil hastaneye girer ve tedavi bitene kadar savaşa katılamaz. ","","packages/shared/src/ogretici.ts:328"
t590f82dd,motor,"Yaralısın. Dinlenmeden sefere çıkmak, orduyu iki kez kaybetmektir.","","packages/shared/src/rehber.ts:126"
t0cba2b1f,motor,"Yaşlı","","packages/shared/src/ittifakSeviye.ts:185"
t7d76e25e,motor,"yayıldıkça daha uzağa uzanabilirsin.","","packages/shared/src/ogretici.ts:167"
tf4f9dd99,motor,"yazdıralım — ilkini {0} saniyede toplarım, beklemene gerek kalmaz.","","packages/shared/src/rehber.ts:64"
t992f623e,motor,"Yeni aldığın bölge bir süre korunur. Aldığın anda elinden alınmaz, ","","packages/shared/src/ogretici.ts:494"
t4fbb5fb4,motor,"Yeni bölge almak tek yol değil: elindekini yükseltmek de saatlik geliri artırır ve kimse onu senden alamaz.","","packages/shared/src/ipuclari.ts:68"
tecf21881,motor,"Yeni bölge bir süre dokunulmaz","","packages/shared/src/ipuclari.ts:45"
t3a96f43a,motor,"Yeni lordlar korumalı","","packages/shared/src/ipuclari.ts:62"
te5faafdc,motor,"yeni yer almadan güçlenmenin yolu bu.","","packages/shared/src/rehber.ts:391"
tefaea7ec,motor,"Yenilirsen ordunun bir kısmını kaybedersin, hesabını değil. ","","packages/shared/src/ogretici.ts:322"
t303c955e,motor,"Yerleşim bir TAVAN","","packages/shared/src/ogretici.ts:353"
ta1f4d9e1,motor,"yeter, haritayı tek başına yutmaya yetmez.","","packages/shared/src/ogretici.ts:508"
t4d50f31d,motor,"Yürüyüş +{0} hızlı","","packages/shared/src/arastirma.ts:176"
t3b0977c4,motor,"Yürüyüş süresi en yakın toprağından ölçülür, malikânenden değil. ","","packages/shared/src/ogretici.ts:165"
td125ae71,motor,"Zaten bir ittifaktasın.","","apps/api/src/routes/ittifak.ts:432 | apps/api/src/routes/ittifak.ts:494 | packages/shared/src/ittifakBasvuru.ts:148"
ta8c1199f,motor,"Zaten bir ittifaktasın. Önce ayrılman gerekir.","","packages/shared/src/ittifakBasvuru.ts:81"
tdfc73144,motor,"Zorda kalan üyeye kaynak yollayabilirsin. Günde {0} ","","packages/shared/src/ogretici.ts:542"
td71df138,motor,"zorlaştıkça hem ihtimal hem kademe büyür. Şefler en iyisini düşürür.","","packages/shared/src/ogretici.ts:393"
t2fd78a43,sunucu,"

Savaş raporunu oyunda görebilirsin: {0}
","","apps/api/src/services/march.ts:971"
t34669295,sunucu,"
{0} dünya silindi. Kalan: {1} dünya, {2} lord, {3} bölge.
","","apps/api/src/dunya-temizle.ts:111"
t9c0fedc5,sunucu,"
Bu bir PROVA. Gerçekten silmek için: pnpm dunya-temizle --uygula
","","apps/api/src/dunya-temizle.ts:93"
tfa61ddc7,sunucu,"
Silinecek bir şey yok.","","apps/api/src/dunya-temizle.ts:87"
t9d753be4,sunucu,"
Toplam {0} dünya — {1} canlı, {2} ölü.
","","apps/api/src/dunya-temizle.ts:80"
t0bf61cf6,sunucu,"  … ve {0} tane daha","","apps/api/src/dunya-temizle.ts:84"
t9b23abc4,sunucu," Deponun bir kısmı doluydu; sığan kadarı alındı.","","apps/api/src/services/ticaret.ts:114"
t423978e4,sunucu," ve bir ekipman","","apps/api/src/services/akin.ts:230"
t18dcaa3c,sunucu,", en az Sv{0}","","apps/api/src/routes/ittifak.ts:898"
tb6bc6cea,sunucu,", yağma: {0} altın","","apps/api/src/services/march.ts:471"
te5671777,sunucu,"{0} (Sv{1}) ittifağınıza başvurdu.","","apps/api/src/routes/ittifak.ts:994"
tf684dd4f,sunucu,"{0} {1} bölgene saldırdı. ","","apps/api/src/services/march.ts:969"
t46de1832,sunucu,"{0} {1} eğitimi tamamlandı.","","apps/api/src/services/queue.ts:239"
tc1fd3d51,sunucu,"{0} altın","","apps/api/src/services/queue.ts:68"
t81376c92,sunucu,"{0} altın, {1} demir, {2} erzak.","","apps/api/src/services/ticaret.ts:113"
t59caa33f,sunucu,"{0} altının var.","","apps/api/src/routes/generals.ts:67 | apps/api/src/routes/ittifak.ts:440"
t2b49968f,sunucu,"{0} araştırması tamamlandı.","","apps/api/src/services/queue.ts:415"
t31d4a1cd,sunucu,"{0} artık başkentin. Şehrini burada kuracaksın.","","apps/api/src/services/march.ts:1044"
t8a415004,sunucu,"{0} ayrıldı; liderlik devredildi.","","apps/api/src/routes/ittifak.ts:579"
t81ae1cbb,sunucu,"{0} ayrıldı.","","apps/api/src/routes/ittifak.ts:591"
tfc65d2a9,sunucu,"{0} bağış yaptı (+{1} XP).","","apps/api/src/routes/ittifak.ts:1233"
t8a093e37,sunucu,"{0} başvurusu kabul edildi.","","apps/api/src/routes/ittifak.ts:1242"
t03052597,sunucu,"{0} başvurusu kabul edilip katıldı.","","apps/api/src/routes/ittifak.ts:1145"
t847a8c87,sunucu,"{0} başvurusu reddedildi.","","apps/api/src/routes/ittifak.ts:1243"
t4fe888ec,sunucu,"{0} bırakıldı.","","apps/api/src/routes/map.ts:1178"
t4990c659,sunucu,"{0} birim {1} savunmasına katıldı.","","apps/api/src/services/march.ts:511"
t8ecc5665,sunucu,"{0} bölgende {1} adına çalışan bir casus yakalandı.","","apps/api/src/services/queue.ts:466"
tcfaf9005,sunucu,"{0} bölgesine gönderdiğin casus yakalandı. Rapor gelmedi.","","apps/api/src/services/queue.ts:456"
t4e3fd3e1,sunucu,"{0} bu arada başka bir ittifağa katılmış.","","apps/api/src/routes/ittifak.ts:1122"
t0f5e6bb4,sunucu,"{0} bu yerleşimde en fazla {1}. seviye olabilir. Daha büyük bir başkent gerekiyor.","","apps/api/src/routes/sehir.ts:196"
t5f2e4445,sunucu,"{0} bulunamadı.","","apps/api/src/errors.ts:15"
t55705528,sunucu,"{0} Diyar","","apps/api/src/services/world.ts:27"
tfda5002c,sunucu,"{0} ele geçirildi!","","apps/api/src/services/march.ts:771"
td4d3eaa9,sunucu,"{0} elinden alındı","","apps/api/src/services/march.ts:960"
t692f5dcf,sunucu,"{0} elinden çıktı. Başkentin {1} oldu; binaların seninle taşındı.","","apps/api/src/services/region.ts:232"
t5994cdf8,sunucu,"{0} elinden çıktı. Bir kampa çekildin — binaların duruyor, yeni bir yerleşim alınca kaldığın yerden devam edecek.","","apps/api/src/services/region.ts:233"
tc9d62be8,sunucu,"{0} henüz bitmedi ({1}/{2} {3}).","","apps/api/src/routes/sefer.ts:124"
tf5c5435e,sunucu,"{0} için {1} altın gerekiyor, ","","apps/api/src/routes/generals.ts:66"
t232fd16e,sunucu,"{0} ile pakt feshedildi.","","apps/api/src/routes/ittifak.ts:1251"
ta76946fb,sunucu,"{0} ile pakt kuruldu.","","apps/api/src/routes/ittifak.ts:1249"
teb26cc7c,sunucu,"{0} ile saldırmazlık paktı yürürlükte.","","apps/api/src/routes/ittifak.ts:277"
t1c74170c,sunucu,"{0} ile saldırmazlık paktın var.","","apps/api/src/routes/map.ts:152"
tb00be4bb,sunucu,"{0} inşa gerektirmiyor.","","apps/api/src/routes/sehir.ts:171"
t23fa55c5,sunucu,"{0} ittifağı kurdu.","","apps/api/src/routes/ittifak.ts:474"
t599e965f,sunucu,"{0} ittifakın hedefini {1} olarak işaretledi.","","apps/api/src/routes/ittifak.ts:749"
t8ccb6e59,sunucu,"{0} ittifakına kabul edildin.","","apps/api/src/routes/ittifak.ts:1156"
tb280b5d3,sunucu,"{0} ittifakına katıldı.","","apps/api/src/routes/ittifak.ts:533"
t9669a6af,sunucu,"{0} ittifakından ayrıldı.","","apps/api/src/routes/ittifak.ts:595"
t94b1ad61,sunucu,"{0} ittifakından çıkarıldı.","","apps/api/src/routes/ittifak.ts:792"
t9b853237,sunucu,"{0} ittifakının liderliği sana geçti.","","apps/api/src/routes/ittifak.ts:585"
t95169f36,sunucu,"{0} ittifaktan çıkarıldı.","","apps/api/src/routes/ittifak.ts:788"
t42200140,sunucu,"{0} ittifaktan yeni ayrılmış, {1} ","","apps/api/src/routes/ittifak.ts:1133"
tc84e1ceb,sunucu,"{0} katıldı.","","apps/api/src/routes/ittifak.ts:527"
t83307e55,sunucu,"{0} keşfedildi. Garnizonu ve deposu artık görünüyor.","","apps/api/src/services/queue.ts:530"
tf4bc7b6e,sunucu,"{0} limitine ulaştın.","","apps/api/src/errors.ts:24"
ta0df19ee,sunucu,"{0} lord, bölge alınmamış, {1} gündür giriş yok","","apps/api/src/dunya-temizle.ts:73"
ta229fd50,sunucu,"{0} pakt teklifini kapattı.","","apps/api/src/routes/ittifak.ts:1580"
t3d8681d2,sunucu,"{0} paktı feshetti. Pakt {1} saat sonra sona eriyor.","","apps/api/src/routes/ittifak.ts:1620"
td1064cc0,sunucu,"{0} rakip lord dünyaya eklendi (test dağıtımı).","","apps/api/src/services/demoWorld.ts:198"
t7cff0ab1,sunucu,"{0} saldırıya uğradı","","apps/api/src/services/march.ts:961"
t04eb1b24,sunucu,"{0} saldırıya uğradı ve kaybedildi.","","apps/api/src/services/march.ts:841"
tca7ad6b6,sunucu,"{0} saldırmazlık paktı teklif etti.","","apps/api/src/routes/ittifak.ts:1523"
t024a1acb,sunucu,"{0} sana kaynak yolladı: ","","apps/api/src/services/ticaret.ts:112"
te1119699,sunucu,"{0} savaşta yaralandı, {1} saat dinlenecek.","","apps/api/src/services/march.ts:294"
t1e3984d0,sunucu,"{0} savunuldu. Saldırı püskürtüldü.","","apps/api/src/services/march.ts:843"
te4374485,sunucu,"{0} seviye {1} oldu.","","apps/api/src/services/queue.ts:315 | apps/api/src/services/queue.ts:357"
t0f8cb839,sunucu,"{0} seviye atladı: Sv {1} → Sv {2}. Pasifi artık %{3} daha güçlü.","","apps/api/src/services/march.ts:281"
t73cd9608,sunucu,"{0} üyesine saldıramazsın.","","apps/api/src/routes/map.ts:143"
t4b5936be,sunucu,"{0} veya daha fazla seviye altındaki lorda saldıramazsın.","","apps/api/src/routes/map.ts:177"
t66b1afbf,sunucu,"{0} yağmalandı ama elinde kaldı. Bölge {1} saat koruma altında — garnizonu bu arada tazele.","","apps/api/src/services/march.ts:842"
t23ccda34,sunucu,"{0} yaralı asker iyileşti, orduna katıldı.","","apps/api/src/services/queue.ts:388"
t218dfa73,sunucu,"{0} Yaşlı oldu.","","apps/api/src/routes/ittifak.ts:1839"
t4bbe2f22,sunucu,"{0} Yaşlı rütbesini kaybetti.","","apps/api/src/routes/ittifak.ts:1839"
t12f9a857,sunucu,"{0}, {1} üzerine göz dikti.","","apps/api/src/routes/map.ts:1262"
tf6cc8850,sunucu,"{0}{1} bölgene {2} birim takviye geldi.","","apps/api/src/services/march.ts:520"
t983277c4,sunucu,"1 minute","","apps/api/src/routes/auth.ts:30"
t6697ea49,sunucu,"Akın başarılı: {0} altın, {1} demir{2} getirdin.","","apps/api/src/services/akin.ts:229"
t727e50b0,sunucu,"Akın başarısız: grubu düşüremedin, kalan askerin döndü.","","apps/api/src/services/akin.ts:232"
t065c620c,sunucu,"Akın çözülemedi ({0}):","","apps/api/src/services/akin.ts:267"
tef24ea7b,sunucu,"Akın grubu","","apps/api/src/routes/akin.ts:186 | apps/api/src/routes/akin.ts:216"
t86efa41b,sunucu,"Akın haritası","","apps/api/src/routes/akin.ts:185 | apps/api/src/routes/akin.ts:215"
tbe1eee4b,sunucu,"Akın henüz sonuçlanmadı.","","apps/api/src/routes/akin.ts:337"
tda37ec1b,sunucu,"Altıncı","","apps/api/src/services/world.ts:19"
t291432ef,sunucu,"Aybüke Hatun","","apps/api/src/services/demoWorld.ts:60"
t64df9d10,sunucu,"Aynı anda en fazla {0} {1} kuyruğu","","apps/api/src/services/queue.ts:204"
t969d2e54,sunucu,"Aynı anda en fazla {0} akın","","apps/api/src/routes/akin.ts:254"
t1e7abb3f,sunucu,"Aynı anda en fazla {0} takviye tutabilirsin. Elçiliğini yükselt.","","apps/api/src/routes/map.ts:644"
ta699f550,sunucu,"Aynı anda en fazla {0} yürüyüş. ","","apps/api/src/routes/map.ts:987"
t530e3bfe,sunucu,"Aynı harfi arka arkaya bu kadar tekrarlayamazsın.","","apps/api/src/services/adDenetimi.ts:120"
t4c97b297,sunucu,"Bağlantı geçersiz ya da süresi dolmuş. Yeniden sıfırlama iste.","","apps/api/src/routes/auth.ts:243"
tf9754a95,sunucu,"Başkentin düştü","","apps/api/src/services/lord.ts:601"
ta3ff14a1,sunucu,"Başvuru","","apps/api/src/routes/ittifak.ts:1014 | apps/api/src/routes/ittifak.ts:1088"
t3e65b797,sunucu,"başvuruyla","","apps/api/src/routes/ittifak.ts:897"
t5ac47aa2,sunucu,"Beşinci","","apps/api/src/services/world.ts:18"
t94c7db79,sunucu,"Bildirimler açık değil.","","apps/api/src/routes/push.ts:78"
t1f844892,sunucu,"Bildirimler açık. Ordun döndüğünde haberin olacak.","","apps/api/src/routes/push.ts:83"
t0db59094,sunucu,"Bildirimler bu sunucuda açık değil.","","apps/api/src/routes/push.ts:47"
t63648729,sunucu,"Bilinmeyen bir lord","","apps/api/src/services/march.ts:957"
t1e4ee87b,sunucu,"bilinmeyen bölge","","apps/api/src/routes/dunya.ts:107"
tc9bf8e6b,sunucu,"bilinmeyen ittifak","","apps/api/src/routes/ittifak.ts:1246"
tb724b5e4,sunucu,"Bir ittifakta değilsin.","","apps/api/src/routes/ittifak.ts:1183 | apps/api/src/routes/ittifak.ts:1458 | apps/api/src/routes/ittifak.ts:1640 | apps/api/src/routes/ittifak.ts:1685 | apps/api/src/routes/ittifak.ts:229 | apps/api/src/routes/ittifak.ts:302 | apps/api/src/routes/ittifak.ts:548 | apps/api/src/routes/ittifak.ts:615 | apps/api/src/routes/ittifak.ts:654 | apps/api/src/routes/ittifak.ts:699 | apps/api/src/routes/ittifak.ts:769"
t2ffdc779,sunucu,"Birinci","","apps/api/src/services/world.ts:14"
t77d047ac,sunucu,"Boran Tigin","","apps/api/src/services/demoWorld.ts:51"
tda607101,sunucu,"Boş mesaj gönderilemez.","","apps/api/src/services/mesajDenetimi.ts:26"
td2eaf526,sunucu,"Bölge el değiştirdi.","","apps/api/src/services/march.ts:970"
t78a330c7,sunucu,"Bölge ele geçirildi","","apps/api/src/services/lord.ts:603"
tb08bcfd6,sunucu,"Bölge limitin dolu ({0}/{1}). Kazansan bile bölgeyi alamazsın, sadece yağmalarsın.","","apps/api/src/routes/map.ts:1073"
t68b70044,sunucu,"Bölge senin.","","apps/api/src/services/march.ts:904"
t6d29f03b,sunucu,"Bölge zaten en üst seviyede.","","apps/api/src/routes/map.ts:511"
ta73cae87,sunucu,"Böyle bir araştırma yok.","","apps/api/src/routes/arastirma.ts:113 | apps/api/src/routes/arastirma.ts:84"
t13f570eb,sunucu,"Böyle bir bina yok.","","apps/api/src/routes/sehir.ts:169"
t9da35381,sunucu,"Böyle bir inşaat yok.","","apps/api/src/routes/sehir.ts:266"
td480bfce,sunucu,"Bu ad ayrılmış. Başka bir ad seç.","","apps/api/src/services/adDenetimi.ts:115"
ta8e4a826,sunucu,"Bu ad kullanılamaz.","","apps/api/src/routes/auth.ts:124 | apps/api/src/routes/ittifak.ts:424"
t4efc0763,sunucu,"Bu ad kullanılamaz. Başka bir ad seç.","","apps/api/src/services/adDenetimi.ts:110 | apps/api/src/services/adDenetimi.ts:99"
tf38c385e,sunucu,"Bu araştırma zaten tamamlandı.","","apps/api/src/routes/arastirma.ts:86"
t4daafbf8,sunucu,"Bu başvuru zaten karara bağlanmış.","","apps/api/src/routes/ittifak.ts:1090"
t285dc203,sunucu,"Bu bölge koruma altında ({0}).","","apps/api/src/routes/map.ts:161"
t755a7406,sunucu,"Bu bölge senin değil.","","apps/api/src/routes/dev.ts:253 | apps/api/src/routes/map.ts:1151"
t1fdaed47,sunucu,"Bu bölgede askerin yok.","","apps/api/src/routes/map.ts:723"
teb7b0eae,sunucu,"Bu bölgeye {0} saat içinde tekrar saldıramazsın.","","apps/api/src/routes/map.ts:196"
t55f4b6a0,sunucu,"Bu e-posta zaten kayıtlı.","","apps/api/src/routes/auth.ts:128"
t62da57e4,sunucu,"Bu eşya zaten en üst seviyede.","","apps/api/src/routes/items.ts:147"
td9a29bc1,sunucu,"Bu etiket alınmış.","","apps/api/src/routes/ittifak.ts:455"
t0f68c4b9,sunucu,"Bu general kadronda değil.","","apps/api/src/routes/generals.ts:105"
t666ddb82,sunucu,"Bu general zaten kadronda.","","apps/api/src/routes/generals.ts:61"
ta0762f35,sunucu,"Bu grup henüz toparlanmadı. Yenilenmesini bekle.","","apps/api/src/routes/akin.ts:264"
t13668100,sunucu,"Bu haftanın seferini zaten aldın.","","apps/api/src/routes/sefer.ts:118 | apps/api/src/routes/sefer.ts:162"
t6672b319,sunucu,"Bu hat zaten en üst seviyede.","","apps/api/src/routes/army.ts:195"
t187b8da0,sunucu,"Bu isteği sen yapmadıysan hiçbir şey yapmana gerek yok; parolan değişmedi.","","apps/api/src/routes/auth.ts:220"
t7841b178,sunucu,"Bu işlem için yetkin yok.","","apps/api/src/errors.ts:16"
t6a874cd5,sunucu,"Bu ittifak adı alınmış.","","apps/api/src/routes/ittifak.ts:455"
tffc5910f,sunucu,"Bu ittifakla zaten paktın var.","","apps/api/src/routes/ittifak.ts:1496"
t7c2cd60c,sunucu,"Bu lord adı alınmış.","","apps/api/src/routes/auth.ts:131"
t93fec181,sunucu,"Bu pakt zaten feshediliyor.","","apps/api/src/routes/ittifak.ts:1604"
t1a13bc53,sunucu,"Bu teklif artık açık değil.","","apps/api/src/routes/ittifak.ts:1538 | apps/api/src/routes/ittifak.ts:1574"
t14d7d3bd,sunucu,"Bu yürüyüş zaten tamamlandı.","","apps/api/src/routes/map.ts:1086"
t7d39deab,sunucu,"Bugünlük bağış hakkın bitti ({0}). Yarın tekrar.","","apps/api/src/routes/ittifak.ts:1692"
tea1021b9,sunucu,"Bugünün ödülünü zaten aldın.","","apps/api/src/routes/gunluk.ts:118 | apps/api/src/routes/gunluk.ts:181"
t22a3a644,sunucu,"Burası bir yerleşim değil. Başkentin bir köy, şehir ya da kale olabilir.","","apps/api/src/routes/sehir.ts:237"
t969238b7,sunucu,"Burası senin bölgen; garnizonu garnizon ekranından düzenle.","","apps/api/src/routes/map.ts:713"
t85b9c34d,sunucu,"Burası senin değil.","","apps/api/src/routes/sehir.ts:233"
t07a010f1,sunucu,"Çok hızlı yazıyorsun. {0} saniye bekle.","","apps/api/src/routes/ittifak.ts:667"
t46b749aa,sunucu,"Dağıtılacak puan belirtmedin.","","apps/api/src/routes/me.ts:195"
t5ee221c1,sunucu,"Demirhan Bey","","apps/api/src/services/demoWorld.ts:36"
tde046dbf,sunucu,"Dizilim 16 kare olmalı.","","apps/api/src/routes/akin.ts:52 | apps/api/src/routes/map.ts:70 | apps/api/src/routes/me.ts:38"
tbf2e9855,sunucu,"Dokuzuncu","","apps/api/src/services/world.ts:22"
t26879f91,sunucu,"Donanım hattı","","apps/api/src/routes/army.ts:192"
tab7705b1,sunucu,"Dönüş yürüyüşü geri çağrılamaz.","","apps/api/src/routes/map.ts:1091"
teff33b64,sunucu,"Dördüncü","","apps/api/src/services/world.ts:17"
t8bad7b30,sunucu,"Duyuru güncellendi.","","apps/api/src/routes/ittifak.ts:1789"
tf7049390,sunucu,"Duyuru kaldırıldı.","","apps/api/src/routes/ittifak.ts:1789"
t27282e04,sunucu,"Dünya yok.","","apps/api/src/dunya-temizle.ts:43"
t075455aa,sunucu,"E-posta (log taşıyıcısı)","","apps/api/src/services/eposta.ts:61"
t1ae040d6,sunucu,"E-posta gönderildi","","apps/api/src/services/eposta.ts:56"
t44fe3ed5,sunucu,"E-posta gönderilemedi","","apps/api/src/services/eposta.ts:63"
tc0e0b6c1,sunucu,"E-posta gönderilemedi ({0}): {1}","","apps/api/src/services/eposta.ts:41"
tc88167e9,sunucu,"E-posta veya parola hatalı.","","apps/api/src/routes/auth.ts:180"
t61d3205f,sunucu,"En fazla {0} yaşlı olabilir. Önce birinin rütbesini almalısın.","","apps/api/src/routes/ittifak.ts:1824"
t99f8a247,sunucu,"Eşya","","apps/api/src/routes/items.ts:115 | apps/api/src/routes/items.ts:145 | apps/api/src/routes/items.ts:168"
tc3dc0d24,sunucu,"Evde o kadar birimin yok.","","apps/api/src/routes/army.ts:153"
tb8839a3a,sunucu,"Evde yeterli {0} yok.","","apps/api/src/routes/akin.ts:88 | apps/api/src/routes/map.ts:793 | apps/api/src/routes/map.ts:98"
ta32fe0d7,sunucu,"GameError","","apps/api/src/errors.ts:9"
te94bbc00,sunucu,"Geçerli bir e-posta gir.","","apps/api/src/routes/auth.ts:37"
tfe3021a2,sunucu,"Geçersiz anahtar.","","apps/api/src/routes/olcum.ts:39"
t5561fd0b,sunucu,"General","","apps/api/src/routes/dev.ts:224 | apps/api/src/routes/generals.ts:54"
tf9f26e6c,sunucu,"Geri çağırma süresi doldu. Yürüyüşün ilk %25'inde geri çağırabilirsin.","","apps/api/src/routes/map.ts:1095"
t4bd8515e,sunucu,"Giriş yapman gerekiyor.","","apps/api/src/auth.ts:24"
t771009c5,sunucu,"Gönderilemez.","","apps/api/src/routes/ticaret.ts:77"
t96080875,sunucu,"Günlük {0} saldırı","","apps/api/src/routes/map.ts:124"
t31d845c5,sunucu,"Hedef koruma altında.","","apps/api/src/errors.ts:23"
te14b30b4,sunucu,"Henüz açılmadı.","","apps/api/src/routes/arastirma.ts:90"
ta53cdd1e,sunucu,"Henüz oyuncu yok.","","apps/api/src/routes/olcum.ts:45"
ta305cce8,sunucu,"herkese açık","","apps/api/src/routes/ittifak.ts:897"
t2e637fbf,sunucu,"hiç lord yok","","apps/api/src/dunya-temizle.ts:61"
t94408dab,sunucu,"İkinci","","apps/api/src/services/world.ts:15"
td2d3a0a7,sunucu,"İşin bitti","","apps/api/src/services/lord.ts:604"
t75da2234,sunucu,"İttifak arması değişti.","","apps/api/src/routes/ittifak.ts:833"
td286be2a,sunucu,"İttifak başvurun kabul edilmedi.","","apps/api/src/routes/ittifak.ts:1102"
t2fe2dde9,sunucu,"İttifak kurmak {0} altın tutuyor, ","","apps/api/src/routes/ittifak.ts:439"
t52231a33,sunucu,"İttifakın","","apps/api/src/routes/map.ts:143"
t476d36dc,sunucu,"İttifakında Yaşlı oldun.","","apps/api/src/routes/ittifak.ts:1847"
taaa9a7ea,sunucu,"İttifakındaki Yaşlı rütben alındı.","","apps/api/src/routes/ittifak.ts:1847"
t97bd47ee,sunucu,"İttifaktan yeni ayrıldın. {0} saat sonra ","","apps/api/src/routes/ittifak.ts:499 | apps/api/src/routes/ittifak.ts:948"
tb15d50e9,sunucu,"İttifaktan yeni ayrıldın. {0} saat sonra girebilirsin.","","apps/api/src/routes/ittifak.ts:1327"
t0bab1641,sunucu,"Karşı ittifak","","apps/api/src/routes/map.ts:152"
tcf0147c8,sunucu,"Katılım: {0}","","apps/api/src/routes/ittifak.ts:897"
t8a322ea6,sunucu,"Kaynak yalnız ittifak üyelerine gönderilebilir.","","apps/api/src/routes/ticaret.ts:61"
tda2e5409,sunucu,"Kendi bölgene garnizon koy, takviye gönderme.","","apps/api/src/routes/map.ts:602"
t2846312f,sunucu,"Kendi bölgene saldıramazsın.","","apps/api/src/routes/map.ts:128"
tced00e51,sunucu,"Kendi bölgeni keşfetmene gerek yok.","","apps/api/src/routes/map.ts:542"
tad9f0652,sunucu,"Kendi rütbeni değiştiremezsin.","","apps/api/src/routes/ittifak.ts:1811"
t3adae11a,sunucu,"Kendi teklifini kabul edemezsin.","","apps/api/src/routes/ittifak.ts:1542"
ta36df99b,sunucu,"Kendine kaynak gönderemezsin.","","apps/api/src/routes/ticaret.ts:44"
tadc5eb20,sunucu,"Kendini çıkaramazsın; ayrılmak için ""Ayrıl"" kullan.","","apps/api/src/routes/ittifak.ts:774"
t4533a4b2,sunucu,"Kendini şikâyet edemezsin.","","apps/api/src/routes/rankings.ts:248"
t2e4c444d,sunucu,"key gerekli.","","apps/api/src/routes/dev.ts:220"
t97b65f24,sunucu,"Kılıçarslan","","apps/api/src/services/demoWorld.ts:45"
td0561d24,sunucu,"Komuta kapasiten yetmiyor. Boş yer: {0}, gereken: {1}. ","","apps/api/src/routes/army.ts:101"
t75541e19,sunucu,"Kuşandığın eşyayı satamazsın.","","apps/api/src/routes/items.ts:169"
tda4a87b0,sunucu,"Kuyruk çözülemedi ({0}):","","apps/api/src/services/queue.ts:574"
t85c22d39,sunucu,"Liderlik statını artır ya da daha az birim eğit.","","apps/api/src/routes/army.ts:102"
te3f42fc4,sunucu,"Lord adı en az 3 harf içermeli.","","apps/api/src/services/adDenetimi.ts:95"
t1f39c212,sunucu,"Lord adı en az 3 karakter olmalı.","","apps/api/src/routes/auth.ts:41"
te600421c,sunucu,"Lord adı en fazla 20 karakter olabilir.","","apps/api/src/routes/auth.ts:42"
t902efbf7,sunucu,"Lord adında geçersiz karakter var.","","apps/api/src/routes/auth.ts:43"
t12a0a254,sunucu,"Lord bulunamadı: {0}","","apps/api/src/services/march.ts:90"
t18e74291,sunucu,"Lordlar Çağı — {0}","","apps/api/src/services/march.ts:966"
t67e8558e,sunucu,"Lordlar Çağı — parola sıfırlama","","apps/api/src/routes/auth.ts:217"
t20970dae,sunucu,"Lordun yaralı. {0} tarihine kadar saldıramazsın.","","apps/api/src/errors.ts:19"
t5e499c35,sunucu,"Mesaj gönderilemez.","","apps/api/src/routes/ittifak.ts:647"
te3021106,sunucu,"Mesajın uygunsuz bir kelime içeriyor.","","apps/api/src/services/mesajDenetimi.ts:34"
tce11ff0b,sunucu,"Mevcut parola hatalı.","","apps/api/src/routes/me.ts:318"
tb5017c4f,sunucu,"Mevcut parolanı gir.","","apps/api/src/routes/me.ts:57"
t4a240541,sunucu,"miğfer","","apps/api/src/services/akin.ts:53"
tcfbf9491,sunucu,"NPC turu başarısız ({0}):","","apps/api/src/services/npc.ts:452"
tb209b8d4,sunucu,"Onay metnini birebir yazman gerekiyor.","","apps/api/src/routes/me.ts:64"
tc2bfa5ef,sunucu,"Onuncu","","apps/api/src/services/world.ts:23"
t36f7c30f,sunucu,"Ordu boş.","","apps/api/src/routes/map.ts:838 | apps/api/src/routes/map.ts:968"
tb12c7fd3,sunucu,"Ordu donanımı yükseldi: {0} seviye {1}.","","apps/api/src/services/queue.ts:300"
t92a551d8,sunucu,"Ordularından biri dönene kadar bekle","","apps/api/src/routes/map.ts:988"
te5856115,sunucu,"Ordun eve döndü","","apps/api/src/services/lord.ts:602"
t69d0d616,sunucu,"Ordun eve döndü ({0} birim){1}.","","apps/api/src/services/march.ts:470"
t24ff2633,sunucu,"Ortak hedef kaldırıldı.","","apps/api/src/routes/ittifak.ts:712"
tc9991460,sunucu,"Ortak hedef: {0}.","","apps/api/src/routes/ittifak.ts:739"
t6540798f,sunucu,"Önce üç görevi de bitir ({0}/{1}).","","apps/api/src/routes/gunluk.ts:136"
td91f64e5,sunucu,"Pakt","","apps/api/src/routes/ittifak.ts:238"
t0724dcdd,sunucu,"Parola en az 8 karakter olmalı.","","apps/api/src/routes/auth.ts:38 | apps/api/src/routes/auth.ts:54"
tdc156679,sunucu,"Parola hatalı.","","apps/api/src/routes/me.ts:350"
t75b35c54,sunucu,"Parolanı sıfırlamak için {0} dakika içinde bu bağlantıyı aç:

{1}

","","apps/api/src/routes/auth.ts:219"
t773c702a,sunucu,"Push gönderilemedi (lord {0}, durum {1}): {2}","","apps/api/src/services/push.ts:149"
ta4f1ec03,sunucu,"saat daha giremez.","","apps/api/src/routes/ittifak.ts:1134"
tea8d3f85,sunucu,"Sadece {0} general slotun var. Liderlik statını artır ya da Karargâh'ı yükselt.","","apps/api/src/routes/generals.ts:115"
t32fe7d29,sunucu,"Sadece {0} stat puanın var, {1} dağıtmaya çalıştın.","","apps/api/src/routes/me.ts:204"
tfb73485d,sunucu,"Sahipsiz bölgenin garnizonu zaten görünüyor; casusa gerek yok.","","apps/api/src/routes/map.ts:549"
t8b1e59db,sunucu,"Sahipsiz bölgeye takviye gönderilemez.","","apps/api/src/routes/map.ts:605"
t1458da19,sunucu,"Saldırı püskürtüldü ama bölgen yağmalandı.","","apps/api/src/services/march.ts:970"
tb572b7f1,sunucu,"Savaş","","apps/api/src/routes/map.ts:1219 | data/basarimlar.json:kumeler[1].ad"
t480c8d6f,sunucu,"Savaş kaybedildi","","apps/api/src/services/lord.ts:600"
t668e46ee,sunucu,"Savunan ordusu tam biliniyor.","","apps/api/src/routes/map.ts:960"
t704a90ad,sunucu,"Savunanın garnizonu bilinmiyor; tahmin eksik istihbarata dayanıyor. Casus Leyla tam bilgi verir.","","apps/api/src/routes/map.ts:961"
t58684f8b,sunucu,"Sebebi kısaca yaz.","","apps/api/src/routes/rankings.ts:243"
t8f413a36,sunucu,"Sekizinci","","apps/api/src/services/world.ts:21"
t13abe10b,sunucu,"Silmek için parolanı gir.","","apps/api/src/routes/me.ts:62"
te71c8e7d,sunucu,"Sungur Bey","","apps/api/src/services/demoWorld.ts:53"
t5659abad,sunucu,"T{0} {1} üretildi: {2}.","","apps/api/src/services/queue.ts:256"
t7ebcbe7b,sunucu,"T{0} ekipman için {1}. seviye demirhane gerekiyor.","","apps/api/src/routes/items.ts:96"
tab7f8132,sunucu,"T{0} ekipman için seviye {1} gerekiyor.","","apps/api/src/routes/items.ts:89"
tbb98e4ff,sunucu,"Taht Kalesi bırakılamaz. Elinden ancak savaşla alınır.","","apps/api/src/routes/map.ts:1155"
tae8e75b8,sunucu,"Takviye için birim seçmedin.","","apps/api/src/routes/map.ts:594"
ta5f16350,sunucu,"Takviye yalnız ittifak üyelerine gönderilebilir.","","apps/api/src/routes/map.ts:623"
ta6fb76b3,sunucu,"Takviyen kabul edilmedi (bölge el değiştirmiş olabilir); ordun dönüyor.","","apps/api/src/services/march.ts:565"
td1ca0ac5,sunucu,"Teklifin zaten gönderildi.","","apps/api/src/routes/ittifak.ts:1499"
tb739c118,sunucu,"Toprağın saldırı altında","","apps/api/src/services/lord.ts:599"
t20afa09d,sunucu,"Üçüncü","","apps/api/src/services/world.ts:16"
t1793784a,sunucu,"Yaman Alp","","apps/api/src/services/demoWorld.ts:38"
tfe038daa,sunucu,"Yedinci","","apps/api/src/services/world.ts:20"
t306d17d8,sunucu,"yeni bir ittifağa başvurabilirsin.","","apps/api/src/routes/ittifak.ts:949"
t816504d5,sunucu,"yeni bir ittifağa girebilirsin.","","apps/api/src/routes/ittifak.ts:500"
t44a98c68,sunucu,"Yeni parola en az 8 karakter olmalı.","","apps/api/src/routes/me.ts:58"
tb7d384d8,sunucu,"Yeterli kaynağın yok.","","apps/api/src/errors.ts:14"
t8bed41df,sunucu,"Yeterli kaynağın yok. Eksik: {0}.","","apps/api/src/services/queue.ts:72"
te056a93d,sunucu,"Yükseltme başarılı: +{0}","","apps/api/src/services/queue.ts:279"
t2f4007a5,sunucu,"Yükseltme başarısız (şans %{0}). Malzeme kayboldu, eşya sağlam.","","apps/api/src/services/queue.ts:280"
tb27f6e40,sunucu,"Yürürlükte olmayan pakt feshedilemez.","","apps/api/src/routes/ittifak.ts:1605"
t4403a7f4,sunucu,"Yürüyüş","","apps/api/src/routes/map.ts:1085"
t508e656e,sunucu,"Yürüyüş çözülemedi ({0}):","","apps/api/src/services/march.ts:1009"
te9b9c83f,sunucu,"yüzük","","apps/api/src/services/akin.ts:53"
tb57b7485,sunucu,"Zaten burada oturuyorsun.","","apps/api/src/routes/sehir.ts:243"
t4a4d884a,veri,"1400 ELO'ya ulaş","","data/basarimlar.json:kumeler[1].basarimlar[2].aciklama"
t7dd0ce63,veri,"Adı Duyulan","","data/basarimlar.json:kumeler[1].basarimlar[2].ad"
t427dce78,veri,"Adın savaş alanında anılıyor.","","data/unvanlar.json:kademeler[2].aciklama"
t38a5d1ce,veri,"Akın Haftası","","data/seferler.json:seferler[0].ad"
t3ed53de0,veri,"Al","","data/arma.json:renkler[0].ad"
tc515bf3b,veri,"Altı yuvayı da doldur","","data/basarimlar.json:kumeler[3].basarimlar[1].aciklama"
t11c1e203,veri,"Ambarlar","","data/arastirma.json:dallar[0].dugumler[0].ad"
t52590637,veri,"Ambarlar, değirmenler, vergi defteri.","","data/arastirma.json:dallar[0].ozet"
t44b7b937,veri,"Ani Baskın","","data/generals.json:generaller[2].yetenek.ad"
td2d1295b,veri,"Araştırma.","","data/binalar.json:binalar[8].ozet"
t916f5c61,veri,"Ardında yürüyen bir ordu var.","","data/unvanlar.json:kademeler[3].aciklama"
t3b46a5e7,veri,"Asker eğitimi.","","data/binalar.json:binalar[1].ozet"
t350cd388,veri,"Aslan","","data/arma.json:semboller[4].ad"
tfbd84a6e,veri,"Aşılmaz Sur","","data/generals.json:generaller[11].pasif.ad"
tf1010806,veri,"Aynı anda kaç araştırma yürütebileceğini kütüphanenin seviyesi belirler.","","data/binalar.json:binalar[8].aciklama"
t812305c1,veri,"Aynı anda kaç eğitim kuyruğu açabileceğini kışlanın seviyesi belirler.","","data/binalar.json:binalar[1].aciklama"
t3c54d401,veri,"Aynı anda kaç generali sahaya sürebileceğini karargâhın seviyesi belirler.","","data/binalar.json:binalar[7].aciklama"
t5d46321d,veri,"Aynı anda kaç müttefikine takviye tutabileceğini elçiliğin seviyesi belirler.","","data/binalar.json:binalar[11].aciklama"
tec2102d0,veri,"Az kazan, az kaybet.","","data/taktikler.json:taktikler[5].ozet"
taeede16a,veri,"Bakır","","data/arma.json:renkler[7].ad"
t95669593,veri,"Barbar Klanları","","data/akinlar.json:haritalar[2].dusman"
t5ff0d5f3,veri,"Baron","","data/unvanlar.json:kademeler[4].ad"
tca71bc0c,veri,"Baş Kumandan","","data/generals.json:generaller[10].pasif.ad"
t829538e9,veri,"Başak","","data/arma.json:semboller[9].ad"
t29db5f43,veri,"Başkent tahkimatı","","data/binalar.json:binalar[6].etki_metni"
t2c42141a,veri,"Başkentin tahkimatı.","","data/binalar.json:binalar[6].ozet"
tc8692045,veri,"Başkentini savunanların arkasındaki duvar. Seviyesi tahkimat bonusunu büyütür.","","data/binalar.json:binalar[6].aciklama"
t8e2b41dd,veri,"Batık gemilerin kaburgaları arasında kurulmuş kamplar. Ne alırlarsa kıyıya gömüyorlar.","","data/akinlar.json:haritalar[0].ozet"
t69ec2f71,veri,"Beş Bayrak","","data/basarimlar.json:kumeler[0].basarimlar[1].ad"
t25cddd15,veri,"Beş bölgeye sahip ol","","data/basarimlar.json:kumeler[0].basarimlar[1].aciklama"
t81dff2d7,veri,"Beş Kol","","data/basarimlar.json:kumeler[2].basarimlar[1].ad"
td65291b4,veri,"Bir bölge ele geçir","","data/basarimlar.json:kumeler[0].basarimlar[0].aciklama"
ta4e9e938,veri,"Bir bölgeyi seviye 3'e çıkar","","data/basarimlar.json:kumeler[4].basarimlar[2].aciklama"
tfe5e0ab6,veri,"Bir bölgeyi seviye 5'e çıkar","","data/basarimlar.json:kumeler[4].basarimlar[3].aciklama"
te11ca896,veri,"Bir divan toplarsın; sefer kararları artık tek başına verilmiyor. Günde bir akın hakkın daha olur.","","data/arastirma.json:dallar[2].dugumler[4].aciklama"
te6c29eec,veri,"Bir lordu yen","","data/basarimlar.json:kumeler[1].basarimlar[0].aciklama"
t2e3216bb,veri,"Bir malikâne, bir umut.","","data/unvanlar.json:kademeler[0].aciklama"
t68422e0c,veri,"Bir parça ekipman kuşan","","data/basarimlar.json:kumeler[3].basarimlar[0].aciklama"
t1479de02,veri,"Bölge garnizonundaki birimler bakım erzağı harcamaz.","","data/generals.json:generaller[11].yetenek.aciklama"
t1852926f,veri,"Bölgelerinin surlarını ustalara yaptırırsın. Savunurken tahkimatın daha çok işe yarar.","","data/arastirma.json:dallar[2].dugumler[0].aciklama"
t98ec82a5,veri,"Bu hafta kılıçtan çok bilgi kazandırıyor. Casuslarını yolla.","","data/seferler.json:seferler[4].aciklama"
t8f5c5d3b,veri,"Buz kırığının ötesinde göçebe klanlar. Sürüleri ve ambarları hep dolu, kimseye de vermiyorlar.","","data/akinlar.json:haritalar[2].ozet"
t0efe18fc,veri,"Bütün mancınıkların en arka satırda (4) durmalı.","","data/taktikler.json:taktikler[4].ek_kosul.metin"
t57e1b22e,veri,"Büyük bir yenilgide tedavinin ne kadar süreceğinin tavanını hastane belirler.","","data/binalar.json:binalar[4].aciklama"
ta681f179,veri,"Casus Ağı","","data/arastirma.json:dallar[2].dugumler[2].ad"
tf74e0233,veri,"Casus Leyla","","data/generals.json:generaller[7].ad"
ted2f7b58,veri,"Çapraz","","data/arma.json:desenler[3].ad"
taa9d8787,veri,"Çaylak Lord","","data/unvanlar.json:kademeler[0].ad"
t399e1ffe,veri,"Çekiç","","data/arma.json:semboller[10].ad"
t827771fa,veri,"Çekiç ve Örs","","data/generals.json:generaller[0].pasif.ad"
t9a36f26d,veri,"Dağ Eşkıyaları","","data/akinlar.json:haritalar[3].dusman"
t9d4a5333,veri,"Değirmenler","","data/arastirma.json:dallar[0].dugumler[1].ad"
t7cdac98a,veri,"Demirci Yusuf","","data/generals.json:generaller[0].ad"
te9368139,veri,"Demirhane sıcak. Bu hafta çelik konuşuyor.","","data/seferler.json:seferler[3].aciklama"
teabbc7ac,veri,"Demirhanede zırh dövdürürsün. Ordun daha az kayıp verir.","","data/arastirma.json:dallar[1].dugumler[1].aciklama"
tbd48b2ec,veri,"Deniz Haydutları","","data/akinlar.json:haritalar[0].dusman"
tf50ebdda,veri,"Depo tabanı","","data/binalar.json:binalar[0].etki_metni"
t0791ccb1,veri,"Dere boyuna değirmen kurdurursun. Malikâne kendi başına daha çok üretir.","","data/arastirma.json:dallar[0].dugumler[1].aciklama"
t4d45512b,veri,"Dikey bölünmüş","","data/arma.json:desenler[2].ad"
t9a0a191f,veri,"Divan","","data/arastirma.json:dallar[2].dugumler[4].ad"
tbc16599c,veri,"Diyar huzursuz. Bu hafta kim daha çok saldırırsa adı anılır.","","data/seferler.json:seferler[0].aciklama"
tbbc9cf59,veri,"Diyara kendi adamlarını yayarsın. Casusluk ucuzlar, adamların daha az yakalanır.","","data/arastirma.json:dallar[2].dugumler[2].aciklama"
te8ab0c8c,veri,"Diyarda sözü geçenlerdensin.","","data/unvanlar.json:kademeler[5].aciklama"
tde2205fd,veri,"Diyardan gelen haberler burada toplanır.","","data/binalar.json:binalar[9].aciklama"
t0670e087,veri,"Diyarın kalbi. Depo kapasiteni malikânenin büyüklüğü belirler.","","data/binalar.json:binalar[0].aciklama"
tcd1d4189,veri,"Diyarın Kileri","","data/basarimlar.json:kumeler[4].basarimlar[3].ad"
t738e234c,veri,"Diyarın lordları burada anılır.","","data/binalar.json:binalar[12].aciklama"
t312922af,veri,"Diyarın Onda Biri","","data/basarimlar.json:kumeler[0].basarimlar[2].ad"
tc5e334c9,veri,"Dörtlü","","data/arma.json:desenler[5].ad"
t01af8583,veri,"Dörtnala","","data/generals.json:generaller[2].pasif.ad"
t588ab162,veri,"Dük","","data/unvanlar.json:kademeler[6].ad"
t498a99c5,veri,"Düz","","data/arma.json:desenler[0].ad"
t26693e15,veri,"Düzenli Defter","","data/generals.json:generaller[5].pasif.ad"
t803703f7,veri,"Efsane Sahibi","","data/basarimlar.json:kumeler[3].basarimlar[2].ad"
t2375eb4f,veri,"Ekipman döver.","","data/binalar.json:binalar[3].ozet"
tf17f5ee4,veri,"Elçilik","","data/binalar.json:binalar[11].ad"
t5ad68b75,veri,"En az bir mancınığın olmalı.","","data/taktikler.json:taktikler[4].kosul.metin"
t0854155b,veri,"En uzun tedavi","","data/binalar.json:binalar[4].etki_metni"
t6608b88f,veri,"En yüksek ekipman kademesi","","data/binalar.json:binalar[3].etki_metni"
te2de5f8b,veri,"Erguvan","","data/arma.json:renkler[3].ad"
t18d93379,veri,"Erzakçı Meryem","","data/generals.json:generaller[3].ad"
t22ed5719,veri,"Eş zamanlı araştırma","","data/binalar.json:binalar[8].etki_metni"
t5363c0b8,veri,"Eş zamanlı eğitim","","data/binalar.json:binalar[1].etki_metni"
t89aa0fd5,veri,"Fetih Haftası","","data/seferler.json:seferler[1].ad"
t3c884c53,veri,"Gedik Açma","","data/generals.json:generaller[6].yetenek.ad"
ta99d0254,veri,"General slotlarını doldur","","data/basarimlar.json:kumeler[2].basarimlar[2].aciklama"
t8b4e4860,veri,"General slotu","","data/binalar.json:binalar[7].etki_metni"
tf6c434c8,veri,"Generaller.","","data/binalar.json:binalar[7].ozet"
t682d8ca4,veri,"Geniş Sancak","","data/generals.json:generaller[10].yetenek.ad"
t73b9d755,veri,"Gezici usta takımları kurarsın. Bölge geliştirmek hızlanır.","","data/arastirma.json:dallar[2].dugumler[3].aciklama"
tba7a6601,veri,"Gök","","data/arma.json:renkler[1].ad"
t16f452a3,veri,"Gölge Yolu","","data/generals.json:generaller[7].pasif.ad"
t2dff9053,veri,"Gölgeler Haftası","","data/seferler.json:seferler[4].ad"
t9f93d366,veri,"Gül","","data/arma.json:semboller[11].ad"
t3f00c4a3,veri,"Günde bir kez bölge gelirinin 2 saatlik kısmını anında toplar.","","data/generals.json:generaller[5].yetenek.aciklama"
t6c6b8fdc,veri,"Günlük görevler.","","data/binalar.json:binalar[2].ozet"
tceff30d6,veri,"Günlük sevkiyat tavanı","","data/binalar.json:binalar[10].etki_metni"
te9685b81,veri,"Günlük takas hacmini pazarın büyüklüğü belirler.","","data/binalar.json:binalar[5].aciklama"
t3ed8ff6c,veri,"Günlük takas tavanı","","data/binalar.json:binalar[5].etki_metni"
t2762a026,veri,"Haberci Kulesi","","data/binalar.json:binalar[9].ad"
te132e6ec,veri,"Hangi yoldan ne taşınacağını bilirsin. Akından daha dolu dönersin.","","data/arastirma.json:dallar[2].dugumler[1].aciklama"
t999fe415,veri,"Hat sıkı tutulur, kimse öne atılmaz. Hiçbir koşulu yok — ordun ne olursa olsun seçebilirsin. Kazanmak yerine orduyu korumak istediğinde doğru seçim.","","data/taktikler.json:taktikler[5].aciklama"
t901461b6,veri,"Hazine ve gelir.","","data/binalar.json:binalar[0].ozet"
t5af09c09,veri,"Her birim tipinden asker bulundur","","data/basarimlar.json:kumeler[2].basarimlar[1].aciklama"
tfa4a7dd5,veri,"Her köyün ne verdiğini yazdırırsın. Kaçak azalır, hazine dolar.","","data/arastirma.json:dallar[0].dugumler[4].aciklama"
t7d236604,veri,"Hilâl","","data/arma.json:semboller[6].ad"
t3422b2b1,veri,"Hilal Düzeni","","data/taktikler.json:taktikler[0].ad"
t3aae8c30,veri,"İlk Kan","","data/basarimlar.json:kumeler[1].basarimlar[0].ad"
t4279023b,veri,"İlk salvo her şeyi belirler.","","data/taktikler.json:taktikler[2].ozet"
t1b373f8d,veri,"İlk toprağını aldın.","","data/unvanlar.json:kademeler[1].aciklama"
t6b92cf55,veri,"İlk Toprak","","data/basarimlar.json:kumeler[0].basarimlar[0].ad"
t29d74c55,veri,"İmar","","data/arastirma.json:dallar[0].ad"
t10f18e8d,veri,"İmar Eden","","data/basarimlar.json:kumeler[4].basarimlar[2].ad"
t5b6e935a,veri,"İmar Ustaları","","data/arastirma.json:dallar[2].dugumler[3].ad"
t492f9778,veri,"İttifak ve paktlar.","","data/binalar.json:binalar[11].ozet"
t06b6ace4,veri,"Kaç kademe ekipman dövebileceğini demirhanenin seviyesi belirler.","","data/binalar.json:binalar[3].aciklama"
t1996a381,veri,"Kaçak Lejyonerler","","data/akinlar.json:haritalar[1].dusman"
tb5329d34,veri,"Kale Bekçisi Sarya","","data/generals.json:generaller[11].ad"
t573b3346,veri,"Kalkan Duvarı","","data/taktikler.json:taktikler[1].ad"
te1599614,veri,"Kalkan Kardeşliği","","data/generals.json:generaller[8].yetenek.ad"
t41bd5f90,veri,"Kanatlar sarar, merkez tutar.","","data/taktikler.json:taktikler[0].ozet"
tb16def88,veri,"Kara","","data/arma.json:renkler[4].ad"
tdbc44559,veri,"Karargâh","","data/binalar.json:binalar[7].ad"
tb56df5d4,veri,"Kare","","data/arma.json:kalkanlar[2].ad"
tcbb0a90a,veri,"Kartal","","data/arma.json:semboller[3].ad"
t150f6395,veri,"Kaynak takası.","","data/binalar.json:binalar[5].ozet"
t8ea12fea,veri,"Kazanılan savaşlarda kayıpların %20'si yaralı olarak geri döner.","","data/generals.json:generaller[9].yetenek.aciklama"
t38ae9971,veri,"Kazıklı Siper","","data/generals.json:generaller[4].yetenek.ad"
t418714f6,veri,"Kesik","","data/arma.json:kalkanlar[3].ad"
t422bbaa5,veri,"Keskin Nişan","","data/generals.json:generaller[1].pasif.ad"
tdd1c8ba1,veri,"keşif","","data/seferler.json:seferler[4].birim"
td58430e4,veri,"Kırık Sahil","","data/akinlar.json:haritalar[0].ad"
tead1a7f2,veri,"Kışlalar gece gündüz çalışıyor. Ordunu büyüt.","","data/seferler.json:seferler[2].aciklama"
t17a285b6,veri,"Kışlanın yanına talim meydanı açarsın. Asker daha çabuk yetişir.","","data/arastirma.json:dallar[1].dugumler[0].aciklama"
t4c2ee2eb,veri,"Kışlık tahılı doğru saklamayı öğrenirsin. Hem depon büyür hem ordun daha az yer.","","data/arastirma.json:dallar[0].dugumler[3].aciklama"
t04144262,veri,"Kimsenin adını anmadığı bir kral için kazılmış şehir. Aşağıda ne varsa yüz yıldır kimse dokunmadı.","","data/akinlar.json:haritalar[4].ozet"
t0172deb2,veri,"Komuta kapasitesi +120.","","data/generals.json:generaller[10].yetenek.aciklama"
t680c2ec7,veri,"Komuta yerini tamamen doldur","","data/basarimlar.json:kumeler[2].basarimlar[0].aciklama"
t0d057815,veri,"Kont","","data/unvanlar.json:kademeler[5].ad"
t42fa7448,veri,"Kudretli Lord","","data/basarimlar.json:kumeler[4].basarimlar[1].ad"
t2b795142,veri,"Kule","","data/arma.json:semboller[2].ad"
t14d6e1d2,veri,"Kumandan Alparslan","","data/generals.json:generaller[10].ad"
t28c2ee3b,veri,"Kurt","","data/arma.json:semboller[5].ad"
t4bdab9ca,veri,"Kuşandı","","data/basarimlar.json:kumeler[3].basarimlar[0].ad"
t0bf472a7,veri,"Kuşatma Düzeni","","data/taktikler.json:taktikler[4].ad"
t4259f31f,veri,"Kuşatma Ustası Tarık","","data/generals.json:generaller[6].ad"
tea271c32,veri,"Kuzey Buzulu","","data/akinlar.json:haritalar[2].ad"
t2f87e611,veri,"Küller Vadisi","","data/akinlar.json:haritalar[3].ad"
t73219f10,veri,"Kütüphane","","data/binalar.json:binalar[8].ad"
te282d2da,veri,"Liman","","data/binalar.json:binalar[10].ad"
t2d159a5a,veri,"Lonca Düzeni","","data/arastirma.json:dallar[0].dugumler[2].ad"
tecd45692,veri,"Lordun yaralanma süresi %50 kısalır.","","data/generals.json:generaller[8].yetenek.aciklama"
t600f91bb,veri,"Malikânenin altına taş ambarlar kazdırırsın. Deponun taşmadığı gün, kazandığın her şey senindir.","","data/arastirma.json:dallar[0].dugumler[0].aciklama"
t3cf71435,veri,"Mancınıklar arkada korunur, önce sur dövülür. Tahkimatlı bir hedefe karşı en etkili düzen; açık alanda savaşan bir orduya karşı yavaş kalır.","","data/taktikler.json:taktikler[4].aciklama"
t21cf3159,veri,"Melik","","data/unvanlar.json:kademeler[7].ad"
t451bd315,veri,"Meydandaki ilan tahtası. Günün işleri buraya asılır.","","data/binalar.json:binalar[2].aciklama"
ta2ae43c9,veri,"Mezar Kültü","","data/akinlar.json:haritalar[4].dusman"
tb539ff97,veri,"Mızrak","","data/arma.json:semboller[8].ad"
tc088bfba,veri,"Mızrak Duvarı","","data/generals.json:generaller[4].pasif.ad"
t992bb00e,veri,"Mızrak Seti","","data/taktikler.json:taktikler[3].ad"
td6a039f4,veri,"Mızrakçı Kadir","","data/generals.json:generaller[4].ad"
td0c695fb,veri,"Mızrakçılar diz çöküp mızrak uçlarını öne diker. Süvari hücumunu kıran klasik cevap: düşmanda ne kadar çok süvari varsa o kadar işe yarar. Süvarisiz düşmana karşı boşa gider.","","data/taktikler.json:taktikler[3].aciklama"
td39cc729,veri,"Milis ve mızrakçılar kalkanlarını kenetleyip tek gövde gibi durur. Saldırın yavaşlar ama hattın kolay kolay yarılmaz. Sayıca üstün düşmana karşı zaman kazandırır.","","data/taktikler.json:taktikler[1].aciklama"
t6c049e8f,veri,"Müttefiklerine gönderebileceğin kaynak hacmini limanın seviyesi belirler.","","data/binalar.json:binalar[10].aciklama"
t81488e10,veri,"Nöbet Düzeni","","data/generals.json:generaller[11].yetenek.ad"
t77e63494,veri,"Ok Atölyesi","","data/arastirma.json:dallar[1].dugumler[2].ad"
t10a5c627,veri,"Ok ve mızrak uçlarını kendi atölyende yaptırırsın. Vuruşun sertleşir.","","data/arastirma.json:dallar[1].dugumler[2].aciklama"
t2835c793,veri,"Ok Yağmuru","","data/generals.json:generaller[1].yetenek.ad | data/taktikler.json:taktikler[2].ad"
tfdfa8384,veri,"Okçubaşı Elif","","data/generals.json:generaller[1].ad"
t118aafee,veri,"Okçular düşman menzile girmeden tek ağızdan atar. İlk turda ağır hasar verir, sonrasında okçular yaklaşan düşmana karşı savunmasız kalır. Kısa savaşın taktiği.","","data/taktikler.json:taktikler[2].aciklama"
t76c7bf17,veri,"Olay akışı.","","data/binalar.json:binalar[9].ozet"
tfb361502,veri,"On bölgeye sahip ol","","data/basarimlar.json:kumeler[0].basarimlar[2].aciklama"
td48e4676,veri,"On lordu yen","","data/basarimlar.json:kumeler[1].basarimlar[1].aciklama"
t26103634,veri,"Onur Meydanı","","data/binalar.json:binalar[12].ad"
t0a6cd00e,veri,"Ordudan kaçmış bir alay, sazlığın içine kendi karargâhını kurmuş. Zırhları hâlâ üzerlerinde.","","data/akinlar.json:haritalar[1].ozet"
tefa91738,veri,"Ordun yükünü hafifletir, yolda konaklamayı öğretirsin. Yürüyüş kısalır.","","data/arastirma.json:dallar[1].dugumler[4].aciklama"
tea2a029a,veri,"Ordunun en az %15'i süvari olmalı.","","data/taktikler.json:taktikler[0].kosul.metin"
tc63521ee,veri,"Ordunun en az %25'i mızrakçı olmalı.","","data/taktikler.json:taktikler[3].kosul.metin"
t71194b8a,veri,"Ordunun en az %25'i okçu olmalı.","","data/taktikler.json:taktikler[2].kosul.metin"
t489a58dc,veri,"Ordunun en az %40'ı milis veya mızrakçı olmalı.","","data/taktikler.json:taktikler[1].kosul.metin"
t90f3e758,veri,"Ön hat kilitlenir, kimse geçemez.","","data/taktikler.json:taktikler[1].ozet"
ta57d3040,veri,"Ön satırda (1) yakın dövüş birimi durmalı.","","data/taktikler.json:taktikler[1].ek_kosul.metin"
t64b956ee,veri,"Örs Haftası","","data/seferler.json:seferler[3].ad"
ta291d0f3,veri,"Sağlam Duruş","","data/generals.json:generaller[0].yetenek.ad"
t9c53aa22,veri,"Sahadaki takviye","","data/binalar.json:binalar[11].etki_metni"
tab002d66,veri,"Saldırı emrinden önce hedefin garnizonunu ve deposunu görürsün.","","data/generals.json:generaller[7].yetenek.aciklama"
t29e4b502,veri,"Saldırmak yetmez; kazanman lazım.","","data/seferler.json:seferler[5].aciklama"
t07df1441,veri,"Sancak Beyi","","data/unvanlar.json:kademeler[3].ad"
t1ab325ea,veri,"Sancak beyleri atarsın. Tek seferde daha kalabalık bir ordu yönetirsin.","","data/arastirma.json:dallar[1].dugumler[3].aciklama"
tb042a631,veri,"Sancak Beyliği","","data/arastirma.json:dallar[1].dugumler[3].ad"
t94ed2bb5,veri,"Sancaktar","","data/generals.json:generaller[8].pasif.ad"
tc0e16e44,veri,"Savaş başında düşmana ordu saldırısının %5'i kadar ön hasar verir.","","data/generals.json:generaller[1].yetenek.aciklama"
tdc0ad93d,veri,"Savaş Meclisi","","data/basarimlar.json:kumeler[2].basarimlar[2].ad"
t6fd469aa,veri,"Savaşın 1. turunda gelen hasar %15 azalır.","","data/generals.json:generaller[0].yetenek.aciklama"
t2a17c7bb,veri,"Savunanın kale savunma bonusunu %30 oranında deler.","","data/generals.json:generaller[6].yetenek.aciklama"
t440b76c9,veri,"Savunmada süvariye karşı karşı çarpanı 1.5 → 1.8.","","data/generals.json:generaller[4].yetenek.aciklama"
t0ca2dcf5,veri,"Sefer Hazırlığı","","data/generals.json:generaller[3].yetenek.ad"
t9ff9f559,veri,"Seferberlik","","data/seferler.json:seferler[2].ad"
te9879ffe,veri,"Seferî Ordu","","data/arastirma.json:dallar[1].dugumler[4].ad"
t840e7c76,veri,"Seviye 10 ol","","data/basarimlar.json:kumeler[4].basarimlar[0].aciklama"
tdbe8ea44,veri,"Seviye 30 ol","","data/basarimlar.json:kumeler[4].basarimlar[1].aciklama"
t747c22d5,veri,"Sevkiyat.","","data/binalar.json:binalar[10].ozet"
t392c27a5,veri,"Sıkı Kemer","","data/generals.json:generaller[3].pasif.ad"
td690a880,veri,"Sınanmış Kumandan","","data/basarimlar.json:kumeler[1].basarimlar[1].ad"
tfc91ca9e,veri,"Sınırlar oynuyor. Bu hafta toprak kazanmanın zamanı.","","data/seferler.json:seferler[1].aciklama"
t68983f4a,veri,"Sınırların kendi başına bir güç.","","data/unvanlar.json:kademeler[6].aciklama"
t1b74f40d,veri,"Sıralama ve unvanlar.","","data/binalar.json:binalar[12].ozet"
t256c5494,veri,"Sivri","","data/arma.json:kalkanlar[0].ad"
taa656536,veri,"Solgun Bataklık","","data/akinlar.json:haritalar[1].ad"
tbff1c661,veri,"Sönmüş bir yanardağın eteğinde ocak kurmuşlar. Çaldıkları demiri kendi silahlarına döküyorlar.","","data/akinlar.json:haritalar[3].ozet"
te2c014bb,veri,"Sur Ustalığı","","data/arastirma.json:dallar[2].dugumler[0].ad"
t3bb82641,veri,"Sur Yıkan","","data/generals.json:generaller[6].pasif.ad"
t531a7f84,veri,"Surlar","","data/binalar.json:binalar[6].ad"
te02f24b7,veri,"Surlar önce, adamlar sonra.","","data/taktikler.json:taktikler[4].ozet"
tbfdc98c2,veri,"Surlar, casuslar, divan.","","data/arastirma.json:dallar[2].ozet"
td966869c,veri,"Süvari Onbaşısı Bora","","data/generals.json:generaller[2].ad"
t2d61455a,veri,"Süvari oranı %50'nin üzerindeyse ilk turda saldırı +%10.","","data/generals.json:generaller[2].yetenek.aciklama"
t0b7a3e1d,veri,"Süvarilerin iki kanattan dolanıp düşmanın gerisindeki okçulara ulaşır. Merkez sabit durup düşmanı oyalar. Sarma tuttuğunda savaş erken biter; tutmazsa kanatların incelmiş demektir.","","data/taktikler.json:taktikler[0].aciklama"
te72241f3,veri,"Süvarilerinin en az yarısı kanat sütunlarında (1 ve 4) durmalı.","","data/taktikler.json:taktikler[0].ek_kosul.metin"
t7e1ae5bb,veri,"Süvariye karşı dikilen orman.","","data/taktikler.json:taktikler[3].ozet"
tbb03875d,veri,"Şevron","","data/arma.json:desenler[4].ad"
tfa11cf03,veri,"Şifa Duası","","data/generals.json:generaller[9].pasif.ad"
t67d044be,veri,"Şövalye","","data/unvanlar.json:kademeler[2].ad"
t0dcce5c7,veri,"Şövalye Doruk","","data/generals.json:generaller[8].ad"
t18adc94e,veri,"T5 bir parça kuşan","","data/basarimlar.json:kumeler[3].basarimlar[2].aciklama"
tbe3dcec6,veri,"Tahıl Ambarları","","data/arastirma.json:dallar[0].dugumler[3].ad"
t5ed6caf0,veri,"Taht Kalesi'ni al","","data/basarimlar.json:kumeler[0].basarimlar[3].aciklama"
t54db92b9,veri,"Tahttan bir adım ötede.","","data/unvanlar.json:kademeler[7].aciklama"
t4cdd2dfb,veri,"Talim Meydanı","","data/arastirma.json:dallar[1].dugumler[0].ad"
t1ee59f7a,veri,"Talim, zırh, sancak.","","data/arastirma.json:dallar[1].ozet"
t69a5a758,veri,"Tam Komuta","","data/basarimlar.json:kumeler[2].basarimlar[0].ad"
t32e971a3,veri,"Tanınan Lord","","data/basarimlar.json:kumeler[4].basarimlar[0].ad"
tbce36cf9,veri,"Temkinli İlerleyiş","","data/taktikler.json:taktikler[5].ad"
t2d6a4846,veri,"Tepeden Tırnağa","","data/basarimlar.json:kumeler[3].basarimlar[1].ad"
tac71e890,veri,"Toprak Sahibi","","data/unvanlar.json:kademeler[1].ad"
ta315b7f1,veri,"Toprakların bir vilayete yayıldı.","","data/unvanlar.json:kademeler[4].aciklama"
t3c438677,veri,"Unutulmuş Nekropol","","data/akinlar.json:haritalar[4].ad"
tceaf4cac,veri,"üretim","","data/seferler.json:seferler[3].birim"
tbcdaaf85,veri,"Vaiz Bertan","","data/generals.json:generaller[9].ad"
ta4cb9ae3,veri,"Vergi Defteri","","data/arastirma.json:dallar[0].dugumler[4].ad"
t41aded24,veri,"Vergi Toplama","","data/generals.json:generaller[5].yetenek.ad"
t0cb4258c,veri,"Yağma Yolları","","data/arastirma.json:dallar[2].dugumler[1].ad"
t3a092187,veri,"Yaralı Toplama","","data/generals.json:generaller[9].yetenek.ad"
t471ac28c,veri,"Yaralıları tedavi eder.","","data/binalar.json:binalar[4].ozet"
tec62ee6d,veri,"Yatay bölünmüş","","data/arma.json:desenler[1].ad"
t9ea93e91,veri,"Yeşil","","data/arma.json:renkler[2].ad"
td707fd98,veri,"Yıldız","","data/arma.json:semboller[7].ad"
tabbdc17e,veri,"Yok","","data/arma.json:semboller[0].ad"
t2a67b024,veri,"Yuvarlak","","data/arma.json:kalkanlar[1].ad"
t256da82a,veri,"Yürüyüşteki ordu bakım erzağı harcamaz.","","data/generals.json:generaller[3].yetenek.aciklama"
t9d3d7b7d,veri,"Zafer Haftası","","data/seferler.json:seferler[5].ad"
t6d6e0e36,veri,"Zanaatkârları loncalara bağlarsın. Asker donatmak ucuzlar.","","data/arastirma.json:dallar[0].dugumler[2].aciklama"
tc556517b,veri,"Zırh Atölyesi","","data/arastirma.json:dallar[1].dugumler[1].ad"
t755af97b,harita,"Akçakavak Köyü","","data/world-map.json:regions[67].name"
taed3361b,harita,"Akçaova","","data/world-map.json:regions[38].name"
t598917a3,harita,"Akpazar","","data/world-map.json:regions[87].name"
t10d1e5bd,harita,"Aksu Ovası","","data/world-map.json:provinces[3].name"
ta27c0af7,harita,"Altınbaşak","","data/world-map.json:regions[21].name"
t7c4871bb,harita,"Altınçarşı","","data/world-map.json:regions[112].name"
t0a57d6ff,harita,"Ardıçlı Köyü","","data/world-map.json:regions[118].name"
t9c5a8a57,harita,"Arpalık","","data/world-map.json:regions[35].name"
t990adf5d,harita,"Aslanyatağı","","data/world-map.json:regions[56].name"
t4b49b595,harita,"Bakırcılar","","data/world-map.json:regions[8].name"
t8e90832a,harita,"Bakırdağ","","data/world-map.json:regions[74].name"
tccc79286,harita,"Bakırtepe","","data/world-map.json:regions[111].name"
t1403f36c,harita,"Balıkçıburnu","","data/world-map.json:regions[49].name"
t109d1119,harita,"Ballıova","","data/world-map.json:regions[40].name"
tca21277b,harita,"Başakçayır","","data/world-map.json:regions[60].name"
te4ada8ad,harita,"Bekçitepe","","data/world-map.json:regions[97].name"
t0c910cd8,harita,"Bereketli","","data/world-map.json:regions[10].name"
tcb453bfe,harita,"Beyazbaşak","","data/world-map.json:regions[12].name"
t2ced2341,harita,"Bezirgan","","data/world-map.json:regions[113].name"
t01d3c951,harita,"Bostanlı","","data/world-map.json:regions[95].name"
t7c41956b,harita,"Boyacılar","","data/world-map.json:regions[39].name"
t64d8aa0d,harita,"Böğürtlen Köyü","","data/world-map.json:regions[23].name"
t767f0ede,harita,"Buğdaylı","","data/world-map.json:regions[104].name"
t8b6b078b,harita,"Buğdayova","","data/world-map.json:regions[61].name"
t9ae401a3,harita,"Camlıçarşı","","data/world-map.json:regions[46].name"
tf16e8677,harita,"Cevherli","","data/world-map.json:regions[63].name"
t3b21a37b,harita,"Çakmaktaş","","data/world-map.json:regions[4].name"
t0a4dcd92,harita,"Çamlıbel Köyü","","data/world-map.json:regions[85].name"
t865eab9a,harita,"Çayırbaşı","","data/world-map.json:regions[31].name"
t29022828,harita,"Çelikkapı","","data/world-map.json:regions[47].name"
te409f671,harita,"Çeliktaş","","data/world-map.json:regions[82].name"
t836b8be2,harita,"Çeltikli","","data/world-map.json:regions[106].name"
t493a1b24,harita,"Çınaraltı Köyü","","data/world-map.json:regions[72].name"
t1e1727d1,harita,"Demirbel","","data/world-map.json:regions[91].name"
t1f7e8719,harita,"Demirkapı","","data/world-map.json:regions[1].name"
td887f4e3,harita,"Demirliman","","data/world-map.json:regions[98].name"
tf934318c,harita,"Demirocak","","data/world-map.json:regions[43].name"
ta640d31a,harita,"Demirtaş","","data/world-map.json:regions[25].name"
teed8d288,harita,"Demirvadi","","data/world-map.json:provinces[1].name"
t0f85b0d4,harita,"Denizkapı","","data/world-map.json:regions[89].name"
tddc39a7c,harita,"Dikmen Kalesi","","data/world-map.json:regions[103].name"
t1cacfef7,harita,"Dörtburç","","data/world-map.json:regions[30].name"
t599cc743,harita,"Dörtyol","","data/world-map.json:regions[105].name"
t3078365f,harita,"Dutluca Köyü","","data/world-map.json:regions[120].name"
t2fa8d6fd,harita,"Eğrigürgen Köyü","","data/world-map.json:regions[75].name"
t67e2901f,harita,"Ekinbaşı","","data/world-map.json:regions[13].name"
t12e5d746,harita,"Ekinlik","","data/world-map.json:regions[48].name"
t0e972ed4,harita,"Fenerbaşı","","data/world-map.json:regions[54].name"
t9ebdaec0,harita,"Gedikkale","","data/world-map.json:regions[28].name"
tb6885dd0,harita,"Gemlik","","data/world-map.json:regions[117].name"
t4200afed,harita,"Gökçepelit Köyü","","data/world-map.json:regions[93].name"
t81ccad29,harita,"Gümüşliman","","data/world-map.json:regions[15].name"
teaf9d78b,harita,"Gümüşoluk","","data/world-map.json:regions[84].name"
t6f33fec6,harita,"Günbatı Kıyıları","","data/world-map.json:provinces[2].name"
ta587eb43,harita,"Gürgenli Köyü","","data/world-map.json:regions[52].name"
tb8627206,harita,"Handibi","","data/world-map.json:regions[92].name"
t9960b0db,harita,"Harmanlı","","data/world-map.json:regions[99].name"
t74a5d73e,harita,"Ihlamurlu Köyü","","data/world-map.json:regions[50].name"
tbecf5636,harita,"İskelebaşı","","data/world-map.json:regions[78].name"
tb0d24c2a,harita,"Kalafatlı","","data/world-map.json:regions[19].name"
t446ed798,harita,"Karaağaç Köyü","","data/world-map.json:regions[6].name"
t5b02dec6,harita,"Karakaya","","data/world-map.json:regions[17].name"
t6f865427,harita,"Karakule","","data/world-map.json:regions[5].name"
tdc80b7ff,harita,"Karaorman","","data/world-map.json:provinces[4].name"
t25bd7a30,harita,"Karataş","","data/world-map.json:regions[51].name"
t06f73485,harita,"Kartalyuva","","data/world-map.json:regions[114].name"
td9a6ea33,harita,"Kayaardı","","data/world-map.json:regions[14].name"
t5939ecf7,harita,"Kayınlık Köyü","","data/world-map.json:regions[3].name"
t1a97889a,harita,"Kekikova","","data/world-map.json:regions[45].name"
t806e4db7,harita,"Kervanbaşı","","data/world-map.json:regions[102].name"
tad88cfdc,harita,"Kestanelik Köyü","","data/world-map.json:regions[9].name"
t731c57d9,harita,"Kızılçam Köyü","","data/world-map.json:regions[29].name"
t1f95f730,harita,"Konaklı","","data/world-map.json:regions[27].name"
t747ca28a,harita,"Kömürlük","","data/world-map.json:regions[11].name"
t57e82d9f,harita,"Köprübaşı","","data/world-map.json:regions[66].name"
t5d2cf41d,harita,"Körfezkent","","data/world-map.json:regions[58].name"
t78dca24a,harita,"Közlüce","","data/world-map.json:regions[81].name"
taf92a4ca,harita,"Kurşunlu","","data/world-map.json:regions[65].name"
t9821a00a,harita,"Kuşburnu Köyü","","data/world-map.json:regions[70].name"
td0be1b1e,harita,"Kuzeymark","","data/world-map.json:provinces[0].name"
t1dc029e4,harita,"Madenkuyu","","data/world-map.json:regions[79].name"
t6ef2751d,harita,"Menzilhan","","data/world-map.json:regions[16].name"
t7a2b3584,harita,"Mercanlı","","data/world-map.json:regions[62].name"
t488c7cbd,harita,"Mercimekli","","data/world-map.json:regions[94].name"
taac7a4aa,harita,"Mermerli","","data/world-map.json:regions[34].name"
tb55a5d67,harita,"Meşelik Köyü","","data/world-map.json:regions[64].name"
tbb4fb6f3,harita,"Nadaslı","","data/world-map.json:regions[33].name"
t2b717e5c,harita,"Nohutlu","","data/world-map.json:regions[59].name"
t14cf65bd,harita,"Otluca","","data/world-map.json:regions[53].name"
tcbb5c6e9,harita,"Örensivri","","data/world-map.json:regions[22].name"
tcb65e4a6,harita,"Palamutlu Köyü","","data/world-map.json:regions[24].name"
tf96d6f31,harita,"Pancarlı","","data/world-map.json:regions[37].name"
t1a0c1ff4,harita,"Pelitli Köyü","","data/world-map.json:regions[107].name"
t56bfad15,harita,"Samanlık","","data/world-map.json:regions[116].name"
tdcf9af71,harita,"Sapçayır","","data/world-map.json:regions[26].name"
t29dd7db5,harita,"Sarıçam Köyü","","data/world-map.json:regions[57].name"
t899c3f93,harita,"Sarıkervan","","data/world-map.json:regions[108].name"
t9aea5f70,harita,"Sarıova","","data/world-map.json:regions[83].name"
tdffa3129,harita,"Sarpgeçit","","data/world-map.json:regions[36].name"
t79a20e06,harita,"Sarphisar","","data/world-map.json:regions[119].name"
t58087eb5,harita,"Sarpkaya","","data/world-map.json:regions[20].name"
ta19d6c30,harita,"Sazlıdere Köyü","","data/world-map.json:regions[76].name"
tc4ccb3d3,harita,"Sıradağ Kalesi","","data/world-map.json:regions[80].name"
t4ad98b7f,harita,"Söğütlü Köyü","","data/world-map.json:regions[7].name"
t678d3d38,harita,"Susamlık","","data/world-map.json:regions[96].name"
t5fcff28a,harita,"Sütlüce","","data/world-map.json:regions[90].name"
te79fc779,harita,"Şahinkaya","","data/world-map.json:regions[44].name"
t641063ad,harita,"Taht Vilayeti","","data/world-map.json:provinces[6].name"
t28d4d228,harita,"Taneli","","data/world-map.json:regions[115].name"
tbfaacc8e,harita,"Tarlabaşı","","data/world-map.json:regions[110].name"
t2604a056,harita,"Taşbaşı","","data/world-map.json:regions[55].name"
taf19d9b1,harita,"Taşgeçit","","data/world-map.json:provinces[5].name"
t1d87d0b0,harita,"Taşocağı","","data/world-map.json:regions[73].name"
tc10ae74e,harita,"Tellallar","","data/world-map.json:regions[69].name"
t3ef606b8,harita,"Tezgâhlı","","data/world-map.json:regions[88].name"
te0565cf2,harita,"Tozlukoru Köyü","","data/world-map.json:regions[101].name"
t0a572f21,harita,"Tuzlaburnu","","data/world-map.json:regions[86].name"
tc00d7c77,harita,"Tuzpazarı","","data/world-map.json:regions[68].name"
t0cff9c98,harita,"Üzümlü","","data/world-map.json:regions[71].name"
tae282d33,harita,"Verimli","","data/world-map.json:regions[32].name"
tb93ee3d3,harita,"Yabanardıç Köyü","","data/world-map.json:regions[18].name"
t5fa86a9e,harita,"Yalçınkapı","","data/world-map.json:regions[2].name"
t9b8fdcc3,harita,"Yalçınkaya","","data/world-map.json:regions[41].name"
t371514bb,harita,"Yaşlımeşe Köyü","","data/world-map.json:regions[100].name"
t4b47f42a,harita,"Yelkenli","","data/world-map.json:regions[109].name"
t7cb3d67e,harita,"Yemlik","","data/world-map.json:regions[77].name"
t94a0de72,harita,"Yoncalı","","data/world-map.json:regions[42].name"
